緯度情報,経度情報,愛工大からの距離,データ名
35.1878783082561,137.111370563507,0.004768593988601941,あいち海上（かいしょ）の森センター
35.1879089973768,137.111397385597,0.0047880699942387415,あいち海上の森センター
35.1864797488845,137.108227014542,0.005709026023118086,【尾張】２００５年記念と長久手
35.1737337743268,137.089086771011,0.02583641090382677,【尾張】愛地球博記念公園
35.1737118497041,137.089033126831,0.025894362030071703,愛・地球博記念公園（モリコロパーク）
35.2147093256305,137.101591229439,0.033326084813972125,瀬戸市南公園・萩殿の森
35.2171460773879,137.098731994629,0.03664352433035934,【尾張】瀬戸市南公園・萩殿の森
35.2246136523161,137.107304334641,0.04159903038780026,瀬戸染付工芸館
35.2069210635351,137.077582446767,0.04254455885652614,瀬戸グリーンセンター とれたて館
35.2246950851413,137.102236524104,0.0426735603605308,新世紀工芸館
35.2264365447838,137.10547594816,0.043684526680746016,瀬戸永泉教会礼拝堂
35.2253892941213,137.100749015808,0.04374004381144293,【尾張】瀬戸蔵
35.2254506440042,137.10074365139,0.04380043028519311,瀬戸蔵
35.2281269041629,137.10125733999,0.046241546503170756,旧山繁商店
35.1930713482756,137.158869962345,0.04683492760435885,猿投山の球状花崗岩
35.2302708469463,137.104166150093,0.047691841336330656,ノベルティ・こども創造館
35.149160826289,137.149369481289,0.04992844643485909,うめこう桃梨苺園
35.2223124594502,137.144992845054,0.05033977627220198,雲興寺鐘楼
35.1851565490319,137.061761770772,0.05130978860984909,あぐりん村
35.1851565490319,137.061761770772,0.05130978860984909,あぐりん村
35.1844792594146,137.060379147089,0.05267356224862521,長久手温泉ござらっせ
35.2404677022384,137.115782820766,0.057121300600749964,道の駅瀬戸しなの
35.1308115864515,137.089076042175,0.05780300067441889,愛知牧場
35.1308247481635,137.088915109634,0.05785794763057047,愛知牧場
35.1860609097894,137.054941827428,0.058160416920979265,長久手古戦場附色金山
35.1837331274983,137.052738031179,0.06030472277726146,長久手古戦場附首塚
35.217626845123,137.16278910996,0.060377370261503506,瀬戸窯跡
35.2011664913185,137.170993717769,0.060610461497594866,猿投山と菊石
35.2011664913185,137.170993717769,0.060610461497594866,猿投山・菊石
35.160105481701,137.173439377813,0.06473838462642299,池田第一号墳
35.2400888168362,137.144867253063,0.06500070763908568,岩屋堂公園
35.2401776557418,137.144812345505,0.06505135027929299,【尾張】岩谷堂公園
35.18288120438,137.047984925445,0.06505914151446458,長久手グリーンセンター
35.1732733560094,137.048488855362,0.06534440855577137,【尾張】長久手市郷土資料室
35.1735061857355,137.048009529702,0.06578250759272108,長久手古戦場
35.1752105959479,137.17836488491,0.06583584636485841,旧龍性院庭園
35.1474041975607,137.169487276526,0.06695264573436008,舞木廃寺塔跡
35.1189016876988,137.087859743429,0.06925133361120422,黒笹七号窯
35.1785403024202,137.043039566123,0.07017166190318526,長久手古戦場附御旗山
35.1169160193602,137.080492973328,0.07403495571134582,【尾張】愛知池
35.1168896914386,137.080192565918,0.07419112409805641,愛知池
35.2409224796763,137.052705287933,0.0833542981745423,森林公園
35.2409487674549,137.052565813065,0.08347343101528606,森林公園
35.2152114202732,137.034866636054,0.08439527417463327,尾張旭グリーンセンター及び産直センター
35.2052596468565,137.195940613747,0.08572926965193653,しだれ桜（金剛寺）
35.2053429280498,137.195940613747,0.08575053104034612,【豊田加茂】金剛寺しだれ桜
35.1685111621841,137.198338508606,0.08658840781349458,愛知県緑化センター・昭和の森
35.2253181742443,137.036355323914,0.08738959680168301,維摩（いま）池
35.1310835947341,137.039557099342,0.09021252051030075,農産振興クラブ 及び日進野菜研究会
35.2210640104766,137.027631998062,0.09334082805090443,【尾張】城山公園及び長池・維摩池
35.2204329467841,137.027315497398,0.09337854033734835,城山公園
35.2212305403549,137.027133107185,0.0938645169919556,長池
35.0928135577047,137.087939689485,0.09401188732543757,三好公園
35.0928135577047,137.087939689485,0.09401188732543757,三好公園
35.2516515665434,137.048360109329,0.09402310987546636,東谷山フルーツパーク
35.2516471858258,137.048327922821,0.09404207639655235,東谷山フルーツパーク
35.1001420611057,137.157524128479,0.09440648643992854,安長寺山門
35.2005649262436,137.20761954235,0.09612047882770738,豊田市藤岡民俗資料館（旧藤岡中学校特別教室棟）
35.1289325881751,137.033451616788,0.0964502010695704,旧市川家住宅主屋
35.1988787098886,137.208442403612,0.09664610192632815,旧山内家住宅
35.1223055949102,137.189597661708,0.0979530593513625,旧井上家住宅西洋館
35.1203857483783,137.188214713392,0.09809834594573595,枝下（しだれ）用水
35.2804612498617,137.092353599151,0.09922965217654474,源敬公（徳川義直）廟
35.2552091808287,137.044373896638,0.09934838268357148,志段見古墳群
35.2803252657565,137.09111151022,0.09936339522292646,定光寺本堂
35.2803533245563,137.090899944305,0.0994376580186839,【尾張】定光寺
35.2803577037221,137.090894579887,0.09944312183414736,定光寺
35.2185296115355,137.019966031813,0.09948039923382054,旭サナック本館(旧旭兵器製造本社事務棟)
35.2814352433667,137.083507163476,0.10237586479445406,旧中央線玉野第三隧道
35.0869488759453,137.151917050043,0.10400216429741668,喜楽亭
35.2842419304958,137.086780071259,0.10419365719984436,旧中央線玉野第四隧道
35.0973388934808,137.05373581541,0.10452667489471833,東郷町文化産業まつり
35.1565053322748,137.011927101914,0.1046335602125552,蓮教寺
35.1565316473882,137.011514041726,0.10502604493373725,梵音寺本堂
35.2862737403983,137.089494466782,0.10552240569787749,旧中央線傘石洞暗渠
35.0826210811113,137.076534032822,0.1071992258028197,保田ケ池公園
35.0874662745179,137.160887004731,0.10721368692165664,豊田市青少年相談所（旧愛知県蚕業取締所第九支所）
35.0825245047391,137.076480388641,0.10730829962268831,保田ケ池公園
35.0843287080816,137.154420018196,0.10737638025275381,ＪＡあいち豊田各産直店
35.0804070532837,137.151741728857,0.110035162578176,七州城址公園・豊田市美術館
35.1512242865903,137.218559530655,0.11031786867372197,名鉄三河線旧三河広瀬駅舎
35.0752638403375,137.09064308794,0.11044353525394307,緑と花のセンター「さんさんの郷」
35.0752638403375,137.09064308794,0.11044353525394307,緑と花のセンター「さんさんの郷」
35.0797983699785,137.151609063148,0.1105588162247002,七州城址(しちしゅうじょうし)公園＆豊田市美術館
35.2111553220807,137.005392951468,0.11116643802350337,どうだん亭（旧浅井家住宅離れ）
35.0875814184627,137.049844976154,0.11479281281356386,東郷グリーンセンター
35.1413949731578,137.225663564777,0.12020435403365125,如意寺
35.0840601978498,137.044953355688,0.12044446935323637,祐福寺勅使門
35.0992480716986,137.026355266571,0.12082289893887312,【尾張】涼松せせらぎの道
35.0992217380688,137.026344537735,0.1208489408472306,涼松（すずみまつ）せせらぎの道
35.2682571651441,137.025604248047,0.12183600079353313,ファーマーズマーケットぐぅぴぃひろば 
35.1141216757931,137.010938058726,0.1233951828386188,名古屋市農業センター delaふぁーむ
35.1141216757931,137.010938058726,0.1233951828386188,名古屋市農業センターdelaふぁーむ
35.0857025349542,137.03718093678,0.12370151326491372,祐福寺一里塚
35.2438652522107,137.002954784455,0.12559356882663733,密蔵院多宝塔
35.0874673122318,137.197222709656,0.12763945394425558,自然観察の森
35.0874102477798,137.197313904762,0.1277424973009991,自然観察の森
35.1174713069988,137.224232129513,0.12927284521100668,鷹見の里（たきみのさと）ビオトープ
35.1397671497173,137.235957194644,0.13043412157711734,名鉄三河線旧西中金駅
35.302557029697,137.058423757553,0.13106728015752314,都市緑化植物園（グリーンピア春日井）
35.3025526517321,137.058305740356,0.13111252576128976,都市緑化植物園 (グリーンピア春日井)
35.0638706060867,137.056961468217,0.13204244584337704,小堤西池のカキツバタ群落
35.0630576424034,137.057275772095,0.13264644946544984,小堤西池のカキツバタ群落
35.3035946007153,137.055248022079,0.13335644628903615,少年自然の家
35.3035858448974,137.055162191391,0.1333857773399826,少年自然の家
35.1938712352306,137.246446609497,0.13381407972980291,ふじの回廊
35.1939106897592,137.246457338333,0.13382786508348624,【豊田加茂】ふじの回廊
35.1542680380323,136.982170227649,0.13407750296284726,名古屋市東山植物園温室前館
35.2232771756492,136.984551782988,0.13453225060657611,龍泉寺仁王門
35.0981244959369,137.218487262726,0.13561975145519828,鞍ヶ池公園
35.2045305145443,136.975005663985,0.13964234910077997,無縫塔
35.0425935542024,137.116187810898,0.14085378148863598,竹村駅近くのビオトープ　（豊田市竹町上沖）
35.0425144984266,137.116305828094,0.1409355013304663,【豊田加茂】竹村駅近くのビオトープ
35.0732506129434,137.01899839835,0.1448439003390433,豊明のナガバノイシモチソウ
35.2237794547978,137.253769962806,0.14640322032330244,たまご村
35.0454581980544,137.165603402808,0.14762797238409756,豊田大塚古墳
35.1533460546279,136.968099901248,0.14802755182656305,名古屋大学豊田講堂
35.0442317483384,137.059882879257,0.14898684375166582,【豊田加茂】阿地和池
35.0442449240294,137.059754133224,0.14902052472411778,阿地和池
35.2198618515358,136.968071136785,0.1494827725332425,小野道風誕生伝説地
35.271677604392,136.992280714693,0.14957956240488351,落合公園の桜
35.271677604392,136.992280714693,0.14957956240488351,落合公園の桜
35.0492866657811,137.179745435715,0.14979659744595508,水源公園
35.3178828328735,137.046107053757,0.15020860410434578,あい農パーク春日井（春日井市ふれあい農業公園）
35.3258791742756,137.061305319426,0.15157015711787045,内々神社社殿
35.1669901608717,136.961426493824,0.1525021795222835,愛知学院大学楠元学舎第1号館
35.031520892778,137.099396512472,0.15250300262748337,浄照寺
35.3270781919382,137.061446755394,0.15264984830160178,内々神社庭園
35.2984864164494,137.012399928432,0.15287537974619195,くりの木ランチ
35.1737263594086,136.957556060954,0.1557872319922376,日泰寺奉安塔
35.0410475607079,137.048660516739,0.15624548963528428,刈谷ハイウェイオアシス
35.0408982302414,137.048499584198,0.15644788942469348,【西三河】刈谷ハイウェイオアシス
35.1399034078298,136.962482173504,0.15672028024052356,興正寺五重塔
35.1715945332447,136.955014539715,0.15846862101435194,草結庵
35.3033319900109,137.009212847975,0.1586229115880605,大草のマメナシ自生地
35.0413373175395,137.183590346615,0.15862646546510742,琴平町シデコブシ自生地
35.2629267489726,136.974926590919,0.15936876137078196,三つ又ふれあい公園
35.0413777023258,137.037294751964,0.16097027354499696,でんまぁと刈谷南 産直センター刈谷中部 産直センター刈谷北部
35.1680199770481,136.952268354523,0.1615086791867559,松楓閣
35.2718206222791,136.973671169081,0.16504620494509897,グリーンセンター春日井中央店
35.1677044128499,136.948132285939,0.1656560152451509,爲三郎記念館
35.0752633900671,137.239730358124,0.1665716978112946,巴川（ともえがわ）おう穴
35.0752546096098,137.239826917648,0.16665084775966538,【豊田加茂】巴川おう穴
35.1425703404313,136.951281562617,0.1668366393910412,南山学園ライネルス館
35.3116670616406,137.005755901337,0.16721122882021675,市民四季の森
35.0711189092102,137.237091064453,0.167325964386552,【豊田加茂】天下峯
35.3116845715262,137.005573511124,0.1673417338997121,市民四季の森
35.0712242799752,137.237273454666,0.1673905868745859,天下峯
35.1421400217295,136.950733547275,0.1674735622822199,川原田家住宅
35.1969400541677,136.945245328959,0.16834099943716313,長母寺
35.1401969734222,136.949850201886,0.16881672352438257,旧渡辺家書院及び茶室
35.2538900822457,136.959600448608,0.16885322292193813,【尾張】春日井・小牧でゆったり
35.2560190241706,136.959820389748,0.16955406842671558,朝宮公園
35.2560978727977,136.959756016731,0.16964601097465978,朝宮公園
35.1429163808453,136.946863894798,0.17104104999071365,鈴木家住宅主屋
35.0535201274254,137.227421171558,0.17307388098688378,松平氏遺跡
35.055865055944,137.231072187424,0.17377981098571066,滝川ふれあい工房
35.0557596653519,137.231072187424,0.17385717802688186,滝川ふれあい工房
35.0675186596742,137.242906093597,0.1740575234451162,王滝渓谷
35.1345287369619,136.945903839291,0.17413995605882646,暮雨巷
35.2940845307968,136.978500060315,0.17421214489759587,グリーンセンター桃花台店
35.047782590337,137.003610062461,0.17427196585940283,阿野一里塚
35.1838416300954,136.938725473926,0.17431695502566358,愛知県立旭丘高等学校正門門柱（旧愛知県立第一中学校正門）
35.2323157970725,136.94503498675,0.17497966940885198,グリーンセンター味美店
35.3223565376833,137.005755374929,0.17554465937778238,大山廃寺跡
35.1349488740856,136.943546415009,0.1762878707995118,東山荘
35.1426766595836,137.285279044726,0.17698875183574628,足助みたち栗園 
35.0410161649192,137.006297960377,0.1779631969059179,愛知豊明花き地方卸売市場
35.0410161649192,137.006297960377,0.1779631969059179,愛知豊明花き地方卸売市場
35.0053070622037,137.120738592708,0.17827136390368603,明治緑道水車公園の三連水車
35.292063379612,136.971578135973,0.17837341551859415,高根遺跡
35.0051476941746,137.120736837387,0.17843050775739658,明治緑道（水車公園）
35.1835445123464,136.933638512753,0.17940343603805792,徳川美術館本館
35.3191602868974,136.995401329288,0.17962974969016768,兒（ちご）の森
35.3191697004642,136.99526309967,0.1797274178845896,兒（ちご）の森
35.0091077956561,137.069097877903,0.17975845585602956,八橋伝説地
35.1837461171529,136.933188603771,0.1798536062054665,徳川美術館
35.1842077100997,136.932323939878,0.1807197110084681,徳川園・蓬左文庫旧書庫・蘇山荘
35.0599738151128,136.980913505613,0.18081744237449515,桶狭間古戦場伝説地
35.1861447067254,136.932126386868,0.18093614753505402,日本福音ルーテル復活教会
35.1231454533575,136.942116352648,0.18123913343552792,大曲輪貝塚
35.0154026415913,137.181172370911,0.1812980220058691,おかざき自然体験の森
35.0153762809069,137.181204557419,0.18133454709977403,おかざき自然体験の森
35.225972020906,136.936626224452,0.18147679999000718,二子山古墳
35.2273424905723,136.936776158482,0.18165759566465975,白山神社古墳・御旅所古墳（白山神社古墳）
35.2270422972723,136.935348848775,0.1829710519225595,白山神社古墳・御旅所古墳（御旅所古墳）
35.2970889887568,136.968894222047,0.1835782268170816,ＪＡ尾張中央桃選果場
35.2970889887568,136.968894222047,0.1835782268170816,もも産地ＪＡ尾張中央・果実共同選果場
35.1800388089902,136.92946533332,0.18360755867046372,東海学園大講堂
35.0664941116319,136.971173424474,0.18383825427731185,服部幸平家住宅　倉
35.0666740496953,136.970953709518,0.18389358229969655,住宅（服部家）
35.0672141453354,136.970469988086,0.18392590349011778,中濱家住宅
35.0663583799821,136.970855784711,0.18416972650726846,棚橋家住宅主屋
35.0051267789233,137.162416676739,0.18499610792263396,八柱神社のクスノキ
35.1794591060656,136.92805067348,0.18503345870689913,建中寺徳興殿（旧名古屋商業会議所本館）
35.0128684858935,137.040792505047,0.18521645038256482,知立神社
35.0124357938336,137.041350628945,0.1853984083293604,知立神社多宝塔
35.1793858431917,136.927468979364,0.1856165952239457,建中寺徳川家霊廟
35.0066047210131,137.172407766776,0.1865078839185271,岩津第一号古墳
35.0017887400433,137.070224043452,0.1866023848883214,来迎寺一里塚
35.0015181939003,137.070092893533,0.18689581753345866,来迎寺一里塚
35.1936039756908,136.925631958178,0.18768686311370114,石原家住宅
35.0203078390119,137.019247059974,0.18815021814721203,刈谷西部の縄文遺跡（芋川遺跡）
35.2377153067552,137.293664216995,0.18860871878019952,和紙のふるさと
35.238582833255,137.293739318848,0.1889321464232115,和紙のふるさと
35.0033263485319,137.055136027339,0.18916660378519565,旧東海道「池鯉鮒」の松並木
35.2321973765116,137.295835423018,0.18919161055552097,緑の公園
35.1816499069006,136.92366336858,0.1893867308967706,名古屋陶磁器会館
35.1728495124172,136.923911682296,0.18942494454992287,名古屋カテドラル聖ペトロ聖パウロ大聖堂
35.2406749918822,136.932211626024,0.18968029765998218,エアフロントオアシス（空港南側）
35.1320615311919,136.930203144044,0.1899128796753568,愛知県立瑞陵高等学校正門門柱（旧愛知商業学校正門）
35.0786257957006,136.953928037961,0.19051879597291502,瑞泉寺総門
35.0030167045449,137.175058824462,0.19075805015835384,信光明寺観音堂
35.334137879908,136.995445489883,0.19117307931855454,入鹿池
35.3342078999652,136.995413303375,0.19124808462300397,入鹿池
35.1745015000318,136.921932053042,0.19131746961067958,日本陶磁器センター
35.1538859574467,136.923954492752,0.19137880389190617,八幡山古墳
35.0011346085919,137.053879111891,0.19163860734823285,JAあいち中央　グリーンセンター知立
35.2709805577458,137.283597167492,0.19172197721585457,西村自然農園
35.168609506896,136.921725146598,0.1918885610332746,神谷家住宅
35.1491806231221,136.924067243066,0.19205005029647568,旧藤山家住宅日本家
34.9998641599868,137.173742484595,0.19332471120594394,愛知県立岩津高等学校正門旧門柱（旧岩津町立愛知県岩津農商学校正門）
35.1802156660223,136.918748816763,0.19431937634525856,旧川上貞奴邸
35.1830188237592,136.918586586082,0.19445571181073545,金城学院高等学校榮光館
34.9904474963627,137.139905691736,0.19482566606139498,北野廃寺跡
35.1575194012276,136.919794599336,0.19497424507404812,名古屋大学医学部附属病院門及び外塀
34.9897231371849,137.090075970185,0.1950458586754865,JAあいち中央 ファーマーズマーケット でんまぁと安城北部 
35.3312297352562,136.985260660745,0.19539209000049654,ヒトツバタゴ自生地
35.1551028878539,136.919483591526,0.19561757572751712,鶴舞公園
35.1566975228226,136.919124671663,0.19574873032180046,名古屋市公会堂
35.2619683732876,137.292460624401,0.19586258199888462,小原村前洞の四季桜
35.0345426482941,137.240331172943,0.19586909514129644,二畳ケ滝
35.0344152680675,137.240288257599,0.1959380546180483,二畳ケ滝
34.987053503231,137.103540541231,0.1965884371352392,永安寺の雲竜の松
34.9867699329485,137.099740505219,0.19709162410989137,【西三河】明治川神社
34.9865918238722,137.09993715182,0.19725616564241719,明治用水（明治川神社から中井筋）
34.9864710734665,137.100384235382,0.19734746969208222,【西三河】明治用水沿線の桜並木、梨畑
35.105258678242,136.931590867142,0.1975663187094786,富部神社本殿
35.3410800075107,136.993374862657,0.19793771078722358,旧西園寺家興津別邸（坐魚荘） 
35.341667031089,136.994143702046,0.19794285296449413,旧品川燈台
35.3393818787313,136.990980266878,0.19805449493499497,明治村東京盲学校車寄
35.340917088919,136.992913159109,0.19808761804172595,明治村幸田露伴住宅蝸牛庵
35.3412511824056,136.993308489554,0.1981141942008859,明治村茶室亦楽庵
35.3418199423074,136.99391234872,0.1982040938303468,旧菅島燈台付属官舎
35.0505242390985,137.260469854569,0.19847975196718806,松平氏遺跡
35.0507051485234,137.260796427727,0.19860151554164557,松平郷・散策道
35.0505821850503,137.260710597038,0.1986198805669698,松平郷・散策道
35.1807513255802,136.914327508267,0.19873220608269931,カトリック主税町教会
35.0954064454502,136.934709966318,0.19886500799448492,七所神社本殿
35.3414458960879,136.992250978947,0.19890976775422006,明治村芝川家住宅主屋
35.3418222191468,136.992548704147,0.19902850150911186,明治村長崎居留地二十五番館
35.3403638488766,136.990582099977,0.19907341034593817,明治村森鴎外・夏目漱石住宅
35.3391265389903,136.988967640117,0.19910142473799886,旧日本聖公会京都聖約翰教会堂
35.342152594341,136.992806196213,0.19913597681156534,明治村神戸山手西洋人住居
35.340174005567,136.990208473673,0.19915399646469978,旧西郷従道住宅（旧所在　東京都目黒区上目黒） 
35.3399750986347,136.989801865577,0.19924870718147117,明治村学習院長官舎
35.342402015778,136.992897391319,0.1992798647313035,明治村宗教大学車寄
35.3415749838463,136.991628706455,0.19939064612165144,明治村北里研究所本館
35.3403439710908,136.989317011358,0.19983850691790045,明治村鉄道局新橋工場
35.3405785980111,136.989492517508,0.19991429808279915,明治村二重橋飾電燈
35.3397475620257,136.98831721768,0.19999247935744252,明治村赤坂離宮正門哨舎
35.3417128230895,136.990684568882,0.20007599493405145,明治村京都七條巡査派出所
35.3398530674524,136.988115012646,0.2002010794007396,明治村近衛局本部付属舎（皇宮警察坂下護衛署別館）
35.3416231182119,136.990341246128,0.20021524692708284,旧札幌電話交換局舎
35.3413627547106,136.98984503746,0.2003143646199476,明治村千早赤阪小学校講堂
35.3402524375483,136.988371113932,0.20035384950887017,明治村大井牛肉店
35.341647185384,136.990107893944,0.20037734513774427,明治村安田銀行会津支店
35.3405503757705,136.988689493457,0.2003894390867899,明治村第八高等学校正門
35.3432055347265,136.992105147656,0.20039862247664034,明治村シアトル日系福音教会
35.3409426706538,136.989123523235,0.20042857402197545,旧三重県県庁舎
35.3400806320476,136.988008454728,0.20044540413000989,明治村三重県尋常師範学校・蔵持小学校
35.3416610086232,136.989974212848,0.2004702996745524,明治村京都中井酒造
35.341705822131,136.989798094001,0.2006138243603187,旧東松家住宅
35.3413622671118,136.989105761836,0.20076949480345432,明治村第四高等学校物理化学教室
35.3432497144061,136.991488966395,0.20080624163482985,旧名古屋衛戌病院
35.3429786664088,136.991060492851,0.20085049388100085,明治村日本赤十字社中央病院
35.1297269704101,137.306701025441,0.20096258542993323,足助のヒメハルゼミ
35.3435382319905,136.99153234992,0.20100974325059937,明治村ブラジル移民住宅
35.3427704276308,136.990433859386,0.20106659677041888,明治村第四高等学校武術道場無声堂
35.0505574467351,137.26408740504,0.20115946425127162,松平氏遺跡
35.3432578662114,136.990894865593,0.20117289832628385,明治村歩兵第六連隊兵舎
35.3417718969789,136.988962590694,0.20118018944494895,明治村清水医院
35.3438177194295,136.991564751615,0.20121289283543978,明治村ハワイ移民集会所
35.3416493733084,136.988552212715,0.2013372425979639,旧山梨県東山梨郡役所
35.34390744656,136.991278515659,0.20145730548812554,明治村六郷川鉄橋
35.2754970818036,137.29224366849,0.2014767959014576,大福魚苑
35.3437259469178,136.990442785996,0.20181932564893632,明治村鉄道寮新橋工場
35.3444114412935,136.990727341543,0.2021920050536604,旧伊勢郵便局舎(宇治山田郵便局舎)
35.3443477970249,136.990353422119,0.20236780622055897,明治村工部省品川硝子製造所
35.0098486808833,137.217133364931,0.20238411064025882,【西三河】駒立ぶどう狩り園
35.1815228546812,136.910136775072,0.202913921030038,旧名古屋控訴院地方裁判所区裁判所庁舎
35.3447885110979,136.989681357954,0.20312591444090541,明治村本郷喜之床
35.3448695420412,136.989615170673,0.20323048691417453,明治村小泉八雲避暑の家
35.3451309532198,136.989614600324,0.20343857414040764,明治村半田東湯
35.345067628274,136.989460713485,0.2034816629352942,旧呉服座
35.3462687301374,136.990976359486,0.20352455770587072,明治村大明寺聖パウロ教会堂
35.046086758474,137.263358633852,0.20360107407928493,松平氏遺跡
35.3454465783379,136.989701926379,0.20363665892019234,明治村聖ザビエル天主堂
35.3465294527406,136.990502709658,0.20401737992465013,明治村川崎銀行本店
35.3454816183577,136.989008733921,0.20408508680055226,明治村菊の世酒蔵
35.3460232601063,136.989546641933,0.2041897050145579,明治村小那沙美島燈台
35.3461492166579,136.989381338016,0.20438999775164732,明治村天童眼鏡橋
35.3465556279768,136.989908545494,0.2043956973224413,明治村隅田川新大橋
35.3468084107384,136.990172043378,0.2044390455612102,明治村皇居正門石橋飾電燈
35.0335104235019,136.973934173584,0.2045030614585376,豊明フレッシュセンター 及び西部産直センター
35.3461486027723,136.988963265928,0.20464272335083822,明治村前橋監獄雑居房
35.3462569669053,136.989095051981,0.20464906362427196,明治村東京駅警備巡査派出所
35.3470696450729,136.990050452535,0.20472092095662325,明治村内閣文庫
35.1344263581714,137.311965321332,0.20486615204586134,足助八幡宮本殿
35.3463827933825,136.988841731459,0.2049026504783768,明治村金沢監獄
35.1723153214295,136.908354256074,0.20498822475934664,名古屋テレビ塔
35.3465176659141,136.988610394264,0.20515017092556984,明治村宮津裁判所法廷
35.3470323314504,136.989192373676,0.2052078277905868,明治村名鉄岩倉変電所
35.346381917929,136.988247627329,0.2052626109483776,明治村高田小熊写真館
35.0118632799347,137.000054619002,0.2054145993908349,刈谷西部の縄文遺跡（八ツ崎貝塚）
35.3471758789241,136.988729972704,0.20560155107101266,明治村帝国ホテル中央玄関
35.2538383804811,136.919843588428,0.20563422500020567,名古屋空港・地元産品コーナー
34.9838876794523,137.164235040539,0.20598731013835364,大樹寺多宝塔
35.1683021592735,136.907543604966,0.20605305771242338,オリエンタルビル屋上観覧車
34.9839508007007,137.165417992832,0.2062234344364897,大樹寺伽藍
35.1814701018637,136.906535607347,0.20651542472770576,名古屋市庁舎
35.1802441706355,136.906550492798,0.20651570801834943,愛知県庁舎
35.2447471571136,137.310260885517,0.2065364500820155,四季桜・四季の回廊
35.1358120877142,137.314041787522,0.20655925414629206,中馬街道
35.1356856616451,137.314059734344,0.20660588613998415,中馬街道
35.1311230797319,137.312986850738,0.20666914482823334,花もみじ
35.1314521206353,137.313169240952,0.20676267178602517,香嵐渓
35.1304562194231,137.313083410263,0.20693221524731045,【豊田加茂】香嵐渓グリーンファーム
35.3303845680472,136.967031186969,0.20717143936659868,大縣神社
35.3299715773235,136.966552734375,0.20721661788322904,【尾張】春日井・小牧の伝統文化
35.1334833703725,137.314403057098,0.2074589203090772,カタクリ
35.1297937409458,137.313952445984,0.20794226756225082,三州足助屋敷
35.1296489601636,137.313941717148,0.20796928255826594,三州足助屋敷
35.0107323939601,136.99713143809,0.20797487971908735,刈谷西部の縄文遺跡（天子神社貝塚）
34.9946768913078,137.025044250119,0.2082416940281664,万福寺のイブキ
34.9945748761477,137.024620565166,0.20851347038866694,萬福寺
35.1357734010994,137.317171096802,0.2096143700887934,旧鈴木家住宅（愛知県豊田市足助町） 
34.9871853864471,137.187095335484,0.20973524659461726,おかざき農遊館
35.1343120816639,137.316968973237,0.20975479212553533,飯盛城址
34.9868878792794,137.187215752249,0.21005610915216336,【西三河】おかざき農遊館
35.1851487356059,136.902713766813,0.21033530175850437,名古屋城二之丸庭園
35.1372849661347,137.318499790262,0.21057223552730964,中馬館
35.1372849661347,137.318499790262,0.21057223552730964,中馬館
35.1373297909972,137.318697401352,0.21075524585604766,旧稲橋銀行足助支店
35.0618984405315,137.285403013229,0.21088847074627876,焙烙山（ほうろくさん）
35.0617703839146,137.285732017278,0.2112311720036651,六所山（ろくしょさん）
35.1828908692425,136.900766651251,0.21227588892104154,名古屋城二之丸大手二之門
35.1753821383137,136.900900891431,0.2122929330132324,料亭河文
35.2609337752988,136.915365457535,0.21233363026717178,神明公園
35.1855047214505,136.900615394499,0.21243681151201926,名古屋城旧二之丸東二之門
35.1511125389458,136.902870138963,0.21263921849369907, 真宗大谷派名古屋別院東門及び土塀
35.1980445413958,137.325249910355,0.21271188277468353,お須原山縁結び岩
35.1980357741706,137.325335741043,0.2127969075581465,お須原山縁結び岩
35.1252233923056,136.908228724338,0.21291870341907346,又兵衛（旧坂上家住宅）
35.1259259816095,136.907974143973,0.21297288528540917,龍影閣（旧名古屋博物館品評所）
35.0646479179512,136.936257417017,0.21297349157615167,大高城跡　附　丸根砦跡　鷲津砦跡 
35.1775330707068,136.899301915108,0.21382082523198043,東照宮社殿
35.1856004443781,136.899055890108,0.21399719821287877,名古屋城
35.3089986012249,136.939140639688,0.21450779125880537,岩崎清流亭の藤
35.3089263841296,136.939085857505,0.2145099418167925,岩崎の清流亭の藤
35.1847967330871,136.898410697808,0.21463566778673243,特別史跡　名古屋城跡
35.1526273543687,136.900606374201,0.21465451158092277,崇覚寺本堂
35.0649855498442,136.933679913697,0.21493160213817736,萬乗醸造
35.270771142767,136.916255950928,0.21530511984982034,エアフロントオアシス（空港北側）
35.1840559725649,136.897699430696,0.2153434315902431,名古屋城のカヤ
35.1862098680722,136.897450766971,0.2156092845574601,乃木倉庫
34.9881995241714,137.20561853897,0.2160518985964687,滝山寺本堂
35.0618407065971,136.934335703539,0.21613776315528654,春江院
34.9882444956027,137.205936221929,0.21614760670975902,滝山東照宮
35.1314866539729,136.90319429358,0.21617650254000087,断夫山古墳
34.9730063065738,137.164941713566,0.21671232230000653,淇?庵並水屋
34.9841460852397,137.199529409409,0.21722585890135962,滝山寺三門
35.1391050556237,137.326174001186,0.21768880448643088,今朝平遺跡
34.9717808506301,137.164563948142,0.21781264766048322,伊賀八幡宮
35.1343695584853,137.325325012207,0.21787450611538978,城跡公園足助城
34.9672897704579,137.08305532389,0.21819280303891886,明治用水（明治用水歴史資料室・豊田安城自転車道）
34.9673066293104,137.082831859589,0.2182069298274299,明治用水
34.9677012876035,137.079137475513,0.21835912558610354,愛知県立安城農林高等学校正門門柱（旧愛知県安城農林学校正門）
34.9984774200263,136.994308365705,0.21976925401454053,刈谷西部の縄文遺跡（山の神遺跡）
35.1750934855333,136.892722614146,0.22047627702226047,伊藤家住宅
35.1681782904726,136.892229847322,0.22133692553969997,旧加藤商会ビル
35.0214594414225,136.96177987132,0.22160527369910082,収穫体験〔ぶどう狩り〕
35.3126371191271,136.932718977968,0.2218455226809236,熊野神社の五枚岩
35.2917793726087,136.918685247786,0.22252629588219006,愛知県立小牧高等学校正門門柱（旧愛知県小牧中学校正門）
35.1388892075742,137.332516539213,0.2239451140619499,百年草
34.9908324499214,136.997931943285,0.22435967167756773,愛知製鋼刈谷工場旧試作工場（旧豊田自動織機製作所自動車部試作工場）
35.0126479041272,136.965852677822,0.22544425446283156,大倉公園茅吹門（旧大倉和親別荘表門）
35.0130477202649,136.965225040913,0.22555238811806344,大倉公園休憩棟（旧大倉和親別荘離れ）
34.9646407133861,137.170007411295,0.22606643455487188,旧愛知県岡崎師範学校武道場
35.3701018799389,136.984640768425,0.22658306906172557,犬山里山学センター
35.3701018799389,136.984640768425,0.22658306906172557,犬山里山学センター
35.2925762573588,136.912788417498,0.22807509437292264,小牧山
35.2927892006194,136.912693977356,0.2282599797867837,小牧山
35.241411108841,136.892170148266,0.22835981288484775,高田寺本堂
35.2928592564817,136.912608146667,0.22836888502523364,小牧山
34.961728791348,137.168766790126,0.2285799576759128,旧石原家住宅
34.9582037481254,137.15230046021,0.22860463981624546,八丁蔵通り
35.2416985679667,136.89172966833,0.22885891850115253,白山社本殿
35.2151479262497,136.886338103511,0.22891432384873628,庄内緑地公園・グリーンプラザ
34.9576718383665,137.151993959144,0.2290763492418603,八丁味噌本社事務所
35.3647907316892,136.971920532522,0.22981168838114427,神明社楼門
34.9920173760878,136.985473036766,0.23001259419258055,刈谷市歴史博物館
34.9575462762634,137.159012780888,0.23049671883782602,岡崎公園
35.2518506488161,136.892585516815,0.23083508867452612,旧加藤家住宅
34.9830472880658,136.998271770521,0.23090751515494162,愛知県立刈谷高等学校正門門柱（旧愛知県刈谷中学校正門）
34.9567598770325,137.159752249718,0.23141549705527156,岡崎公園
34.9725289452818,137.017107009888,0.2316791968678731,【西三河】フローラルガーデンよさみ
34.957898087939,137.167936844843,0.23209926692684063,岡崎信用金庫資料館（旧岡崎銀行本店）
35.3505922647426,136.952035063746,0.23210423384304904,旧加茂郡銀行羽黒支店
34.9715311042392,137.017203569412,0.23254802590152135,【西三河】依佐美送信所記念館
34.9878375830393,136.986411087039,0.23299097319530207,刈谷市郷土資料館（旧亀城小学校本館）
35.3459745815211,136.945713004383,0.23329270711751243,吉野家住宅
35.326538212615,136.928686204422,0.23339254053872274,青塚古墳
34.9574588184345,137.172775486908,0.23371570774292444,日本福音ルーテル岡崎協会教会堂
34.9886158055698,136.983751058578,0.2337985392568048,刈谷市亀城公園
34.9564543131222,137.170301377773,0.2340694986769331,善立寺
34.9485422749077,137.124076739365,0.2351290058514101,妙源寺柳堂
34.9488170856635,137.09501900651,0.23528640496277684,ＪＡあいち中央 産直センター安城東部
35.3531412148062,136.94891948603,0.23610189587215413,国登録
35.25000878086,136.885614395142,0.23697758237475636,【尾張】北名古屋市歴史民俗資料館（昭和日常博物館）
35.279433587447,136.896219198836,0.23713327600170986,宇都宮神社古墳
35.3756316277806,136.974062919617,0.237199210379377,中島池
35.1605165587798,136.876904051955,0.23724521842645527,筧家住宅主屋
34.9535525890532,137.176159652489,0.2383679748285674,旧額田郡公会堂及物産陳列所
34.9788731398371,136.989968417499,0.23871177019001383,刈谷西部の縄文遺跡（本刈谷貝塚）
35.155324808947,136.874393107944,0.24029595811406707,善行寺
34.9919426661089,136.96773827076,0.24036165892003733,【知多】極楽寺
34.9494331788368,137.168495097266,0.24046047374050966,六所神社
34.9458353203463,137.15138296846,0.2406508077622924,真宮遺跡
35.0934735248637,136.887599676727,0.2427203356118919,名古屋港跳上橋（旧1・2号地間運河可動橋）
34.9444547755918,137.070203639262,0.24276689902632673,都市に広がる集団農地
34.9527839462016,137.190383302172,0.24325107181681144,旧本田家住宅主屋
34.9463627168119,137.169847012056,0.24376069870969883,愛知県立岡崎高等学校正門門柱（旧愛知県立第二中学校正門）
34.986532603449,136.968730688095,0.24410510322313184,【知多】傳宗院
34.9854496042918,136.969602762599,0.24446671642142065,入海貝塚
34.9988508534034,136.947627067566,0.24784058877980986,【知多】あいち健康の森
35.0374903987532,137.31361294796,0.2480361210769034,昇匠 SHOW BAKERY(しょうべーかりー)
35.2030127776435,137.36041079572,0.2481442185779827,杉本の貞観スギ
35.2033310058581,137.36049413681,0.24825263005469547,貞観杉
35.2034000795943,137.360609403121,0.24837307408863368,貞観杉
35.3283754204725,136.910223647158,0.24929817282852773,大口町朝市会
35.3276345026564,136.909689903259,0.24930324338458715,【尾張】北愛知の文化
35.328413535053,136.910054683685,0.24945780636106607,【尾張】大口歴史民俗資料館
35.0439111392028,136.905741691589,0.2498678097930978,【知多】聚楽園公園
35.0052048161226,136.936984062195,0.2505079518119236,おはよう君
35.0004767414619,136.941093206406,0.251061218070869,【知多】常福寺
35.1931391310583,136.862075328827,0.25115499802742786,【尾張】西枇杷島問屋記念館
34.9465781051694,137.028542876151,0.2514567030438165,都市に広がる集団農地
34.9903235773292,136.951889250825,0.2515022714430913,東浦ぶどう　ぶどう狩り
35.2780558700919,136.877371317033,0.2539646588887345,五条川の桜と尾北自然歩道
35.2780558700919,136.877371317033,0.2539646588887345,五条川の桜と尾北自然歩道
35.1929697618531,136.859202866756,0.2540189004519833,柴田家住宅主屋
34.9290754226365,137.096393474631,0.2548810828345599,二子古墳
34.9931072550854,136.943217515945,0.25506135238136557,ＪＡあぐりタウン　げんきの郷（大府市）
34.9414160130501,137.193696341461,0.25508291480550455,大平一里塚
34.9931380175885,136.943061947823,0.25514201659951136,ＪＡあぐりタウン げんきの郷
34.9776893917362,136.961531639099,0.2554940958187395,【知多】於大公園
35.3533421297349,136.922005864231,0.25567742955146266,覚王寺
35.3563845232076,136.924296378745,0.25601620337326836,長泉塚古墳
35.0093360901685,137.30168026245,0.2566844829783768,下山小学校のヤマザクラ
34.9308290569484,137.060966491699,0.2578955065594285,安城産業文化公園デンパーク
34.9308466488881,137.06082701683,0.2579064784624785,安城市デンパーク
34.9305211973915,137.061213254929,0.2581473758344849,和食処「ふるさと館」の郷土料理
34.9294920584869,137.065032720566,0.25841888393838397,産直センター「道の駅」デンパーク安城
35.136690963627,136.858569635899,0.25872573726810394,観音寺多宝塔
34.972713566521,136.962636709213,0.2588737830789256,東浦町郷土資料館「うのはな館」
35.0117951571514,137.306871879371,0.2588869836416104,合資会社柴田酒造場
35.1747870491672,136.854233107772,0.2589524747157611,中村公園記念館
35.174659887921,136.854058764186,0.25913098541623963,中村公園豊頌軒
35.3951637794424,136.963624122808,0.25916096067377314,寂光院
35.3776194365957,136.939956515154,0.2601441930803631,徳授寺
35.386938938989,136.950942125628,0.260191218789099,尾関家住宅
35.282739213644,136.871945947798,0.26075489220268216,岩倉野菜の広場
35.2211729300267,136.854570713838,0.26121490540960074,朝日貝塚（検見塚）
35.3788598418172,136.939605666976,0.2613042433973532,堀部家住宅
34.9341712193907,137.034398239921,0.2613539586187875,榎前のクロガネモチ
35.3855893385494,136.947335332219,0.26140822855790824,妙感寺古墳
34.9221193254949,137.122733208172,0.26147253722183456,本光寺
35.3831677850436,136.94418289307,0.26156386978613405,奥村家住宅
34.9391935987291,137.206728458405,0.2615719718021903,愛知県畜産総合センター
35.0221243387489,136.906836032867,0.26179120273039874,東海市立農業センター
35.0221287318343,136.906803846359,0.26181384965885723,東海市立農業センター
35.3830855419234,136.943577737455,0.2618922409349719,梅田家住宅
35.3816490360948,136.941820613722,0.2619438337880348,浄誓寺本堂
34.9223897621041,137.087205298863,0.26229800426886485,ＪＡあいち中央　産直センター安城桜井
35.3788964686305,136.938151903219,0.262298704259222,祥雲寺
35.3822067375729,136.941885901731,0.2623235481467147,圓明寺
35.3834139989747,136.943198727296,0.2623879244692586,旧小守家住宅主屋
35.3901208153789,136.950878613708,0.2627268221801647,東之宮古墳
35.3808073957774,136.939553100313,0.26279883358348993,ま野家住宅
35.3808627711763,136.939516067505,0.26286487517531626,犬山どんでん朝市
35.3819442627381,136.940620055663,0.2629529850365305,川村家住宅
35.3834977647594,136.942266770703,0.2630558458037069,佐橋家住宅主屋
35.3815096460687,136.9395866363,0.26330462708464797,旧磯部家住宅
35.3817436607574,136.939398865787,0.26360438474513664,高木家住宅
35.3833964577147,136.941111318707,0.2637305976132817,三井家住宅
35.2177859317305,136.851507425308,0.2637836895744463,【尾張】朝日遺跡
35.3821043694731,136.939474901794,0.26382585369173445,遠藤家住宅主屋
35.3829262840095,136.940342143541,0.2638770084701517,小島家住宅
35.2186587653313,136.851416755286,0.26398870565665594,貝殻山貝塚
35.3823743367572,136.939231994507,0.26418897613353026,瀧野家住宅蔵
35.3842255487972,136.940998940008,0.2644329426110863,宮田家住宅
35.3833305552754,136.939614554596,0.2646590125234776,伊藤家住宅
35.3829943535305,136.93895890534,0.26483565665836917,大島家住宅茶室
35.38393499565,136.939877030141,0.26494426532496335,車山蔵
35.3840425858695,136.939568531233,0.26522737680247827,山田家住宅主屋
35.1031701733384,136.86022053064,0.26524974580164473,荒子川公園ガーデンプラザ
35.3837715005455,136.939217066107,0.26525256302817096,井上家住宅
35.2449802000014,136.854721258496,0.2655563451533736,グリーン西春日井
35.3591846882912,136.91391153749,0.2656103704930332,ふれあい青空市（扶桑町）
35.3828848957713,136.937513484197,0.26570581685875855,専念寺
34.935750137902,137.209556492838,0.265803618548201,神明宮第一号古墳
35.3835175952265,136.937660943567,0.26608391360266215,国登録
35.2744780530944,136.863006241014,0.2661030258459639,大地遺跡
35.2466354899046,136.854500770569,0.26615916289662117,【尾張】西春日井の伝統文化
35.2772927420852,136.863897126603,0.266245515066934,産直センター岩倉店
35.3879509916861,136.942397536054,0.2663749542486157,国宝　如庵
35.388031689165,136.942166152942,0.2665851764047955,旧正伝院書院
35.3918705772979,136.94644868472,0.26684863582751983,木曽川
35.3815432827948,136.933846625418,0.26714578866597194,西蓮寺
34.9247572133612,137.045907899513,0.2672253283925568,神谷家住宅
35.0231259561176,136.899079084396,0.26734204016414437,【知多】弥勒寺
34.9203541719375,137.162722413745,0.2677081985559993,旧愛知県第二尋常中学校講堂
34.9160944828984,137.129652500153,0.26783329500615094,ふれあいドーム岡崎
34.9160812865718,137.1295773983,0.2678418189498846,【西三河】ふれあいドーム岡崎
35.3876684976896,136.939334013019,0.2681325514466212,犬山城跡
34.9155075460204,137.095485728976,0.2684792780922823,姫小川古墳
35.3861646026427,136.936755709093,0.26867332930882787,犬山頭首工
35.3883598169501,136.939281239256,0.2686936785927881,国宝　犬山城天守
34.9436481826742,136.991577744484,0.2687756035793095,【西三河】吉浜細工人形
35.1868244880725,136.842887215333,0.2701762338871037,實成寺
35.1795919174504,136.841763061797,0.2713057364220989,下萱津のフジ
35.0195587365385,136.896579265594,0.271484860687149,【知多】観福寺
35.188700719824,137.385215073657,0.2722245486734243,伊熊神社の社叢
34.9138959564724,137.153205588902,0.2724924355490327,太夫塚古墳
35.1975886444312,137.385535240173,0.2728618551856257,【豊田加茂】押井磨崖物
35.1976587825923,137.385556697845,0.2728869365873999,押井磨崖仏（おしいまがいぶつ）
35.1937616392176,136.839914917946,0.2733229943090223,【海部】香の物祭
35.2162958521698,136.841293573379,0.2737306844351626,清須の自然と歴史
35.2164711570673,136.841197013855,0.2738476524740867,清須の自然と歴史
35.2169809702651,136.840779325177,0.27432420962496595,五条川の桜（清須）
35.0132658224284,136.897525643891,0.2745852262012438,観福寺本堂内宮殿
35.013202792996,136.897558721783,0.2745983290683922,観福寺本堂
35.363540026661,136.905664684003,0.2746840797212083,川田家住宅主屋
35.0669425173697,137.363597305544,0.2763027293012459,もみじ街道（加茂広域農道）
35.2429904255612,137.383614778519,0.2770545930878359,時瀬大いちょう
35.2431087174813,137.383604049683,0.27706957797720566,時瀬大いちょう
35.2432135906586,137.383636117156,0.2771235043856021,時瀬のイチョウ
35.2373122104768,136.841143369675,0.2771895054332037,五条川の桜
34.9092718313824,137.15897349017,0.2779616028902898,八幡宮本殿（上地）
35.3419839149301,136.884613528966,0.2780728492124294,宮後八幡社本殿
34.9280387283417,137.002829361202,0.27814099614245374,JAあいち中央　産直センター高浜
35.298500192437,136.8590901164,0.27881311733274033,一宮桜まつり（青木川）
34.9076398582983,137.155373350817,0.27900239457020465,八幡宮本殿（土呂）
34.9373013359499,137.24453319413,0.279034976007436,岡崎ゲンジボタル発生地
35.116349967172,137.3852455616,0.28034296220934485,鼎（かなえ）工房
35.1161963864427,137.385240197182,0.2803745326896416,鼎工房
35.106774673682,136.841803001941,0.2818578547076679,愛知県立惟信高等学校正門門柱（旧愛知県惟信学校正門）
35.0153499202141,136.884799003601,0.2834426743513578,東海フラワーショウ
35.0768087358314,137.376018762589,0.28376245140944834,三河高原
35.0768614175576,137.376179695129,0.28389182528637563,三河高原
34.9004642846879,137.085202118707,0.28431422089284586,本證寺本堂
34.9002480156148,137.085333638069,0.2845166130435509,本證寺境内
34.9001487053536,137.085114893211,0.28463683020207303,本證寺のイブキ
34.9157696165786,137.212096761913,0.2853846844683137,藤川の松並木
35.2333610708328,136.831254333123,0.2861802273811584,長光寺地蔵堂
35.2052264591785,137.398515678343,0.28630602512856934,八幡のサクライソウ及びツクバネ自生地
35.0727345793234,136.84894323349,0.2863523028910454,藤前干潟
35.0726731141979,136.848953962326,0.28636617109777907,藤前干潟
35.1972379013495,137.39944839395,0.28674000382668463,つくば工房
35.375141737454,136.899819374084,0.28674738201130073,木曽川扶桑緑地公園
34.9859173015426,137.321044206619,0.2868260700764848,日近の里・かおれ渓谷
35.3749580278147,136.899529695511,0.2868401394836053,木曽川扶桑緑地公園
34.9850558711046,137.320990562439,0.2873810700498923,日近の里・かおれ渓谷
35.3380847541129,136.870594826262,0.2875833488919984,報光寺本堂
35.2012094478576,136.824696063995,0.28889455372633716,いきいき朝市甚目寺
35.0293341208188,137.357512318725,0.2889737706362476,【豊田加茂】羽左の窪
34.9214432192377,136.989598274231,0.28959640126326464,【西三河】鬼のみち
35.1934679211734,136.823424696922,0.2897917214950322,甚目寺歴史民俗資料館
35.1940985620871,136.823058984888,0.29017975358648546,甚目寺南大門
35.194879511614,136.822990179062,0.2902783148200252,【海部】甚目寺観音
35.19444924636,136.822750029284,0.29050161203709357,甚目寺
35.0276831283824,137.358341372124,0.2905570077819157,羽佐の窪渓谷
35.3438144853597,136.869843037475,0.2913324216115993,まんだら青空市 （JA愛知北江南支店）
35.3415771717727,136.867868900299,0.2917635310971164,愛知北地域の新鮮野菜市
35.2991990609779,136.844415664673,0.2925177797691663,産直広場南小渕店
35.1743850340054,136.820356900932,0.2928241766065943,明眼院旧多宝塔
35.1724182865025,136.819857358932,0.29339059503543224,元気朝市おおはる
34.9346552150315,136.955502033234,0.29444667970834504,【知多】福住寺
35.2593302026439,136.827619534777,0.29534635547935706,産直広場下津店
35.217921790565,137.406955361366,0.29593248320029397,旭高原元気村
35.2181277696546,137.406976819038,0.29597788330601216,旭高原元気村
34.9046832670166,137.013362646103,0.29601650585656664,油ヶ淵
34.9046744682429,137.013072967529,0.2961224587303079,【西三河】油ヶ淵
35.3096313707865,136.844696970059,0.29654726520249025,うみたて卵直売店　うきうき村
35.1972698206079,136.816138097129,0.29722702065623635,水辺乃並木道
35.1970100022914,136.816091537476,0.2972615313663905,【海部】水辺乃並木道
35.1005691312052,137.399042844772,0.29775747590582513,田之土里湿原
35.1004067429847,137.399096488953,0.2978542156078777,田之士里湿原
34.9396867334427,136.941435250788,0.2980787565432121,板山長根古窯
35.3354157364018,136.855959892273,0.29865738526880975,国登録
35.3706276080649,136.879713535309,0.2991516919328486,すいとぴあ江南
35.3705751167032,136.879531145096,0.2992611402181939,すいとぴあ江南
34.9482347590226,137.298541632769,0.299530598774225,寺野の大クス
35.3709506804398,136.878768036081,0.30009152763984104,スイトピアYuYuクラブ朝市
34.9182586517582,136.971530914307,0.3005524300634101,【知多】海潮院
35.196786188735,137.413602569473,0.30085807220138466,東海自然歩道
35.3669020494342,136.874479567334,0.30096596387704644,木曽川堤（サクラ）
34.9058183009205,136.996051669121,0.3012392519697366,伝統食品工場見学 ［ヤマシン㈱白しょうゆ醸造工場］
34.9180280138746,136.965744870776,0.30352130248742004,【知多】東光寺
34.916667798144,137.258236389927,0.3037005364280278,北山湿地
35.3496895951829,136.857998371124,0.30445914959208376,曼陀羅寺公園のフジ
35.3496545918697,136.857950091362,0.304480481622012,曼陀羅寺公園のフジ
35.3488665616827,136.857116938103,0.30475027796840765,曼陀羅寺伽藍（地蔵堂）
35.3494795750761,136.857322454453,0.3049111475422638,まんだら青空市 （曼陀羅寺公園大型バス駐車場）
34.927994518656,136.946349038834,0.3049995113223239,大高山古窯
35.0142914049541,137.366966389692,0.3050893144348027,切山の大スギ
35.2560897021732,136.816588381577,0.30523221964190506,万徳寺鎮守堂
35.2559536942646,136.816314224406,0.30546617137347104,萬徳寺多宝塔
35.0423036826505,137.383979558945,0.30548130663455836,手作り工房山遊里
34.9396685313447,136.92883014679,0.3055240514759005,【知多】ふれあいの森
35.3491711504797,136.856378621532,0.3055357068790471,曼陀羅寺正堂
35.3494053189021,136.856300709633,0.3057282361083502,曼陀羅寺書院
35.109992045809,136.816183130807,0.3058032829912493,ＪＡなごや南陽店
34.999070839794,136.868036783702,0.3066092694208748,知多市歴史民俗博物館（知多市）
34.9991101187994,136.867922544479,0.30667695639859976,【知多】知多市歴史民俗博物館
34.88216583709,137.055107006672,0.30676672412670974,愛知県立西尾高等学校通用門門柱（旧愛知県西尾中学校正門）
35.2256127827571,136.808677911758,0.3072756523443171,愛知西のその他各直売所（産直広場大里店）
34.8843091932393,137.042158083855,0.3073875795222882,八王子貝塚
34.9957571825897,136.868748664856,0.3080480324501057,【知多】栖光院
35.1156522695292,136.812529563904,0.3080569303282856,農業文化園・戸田川緑地
34.8767807442883,137.083136133904,0.3080863587984182,道の駅にしお岡ノ山
34.9025034983823,136.986433607804,0.3081223106127354,伝統食品工場見学 ［七福醸造㈱ありがとうの里］
35.1153802097097,136.812508106232,0.3081378147833417,農業文化園と戸田川緑地公園
35.1888208973887,136.804933547974,0.30815582194017815,【海部】ハナショウブの風景
34.8768571841035,137.076561687442,0.3087179678599568,西尾のヒメタイコウチ（生息地）
34.882595376658,137.041611671448,0.30918123933473296,稲荷山茶園公園
34.8825689732359,137.041450738907,0.30924414535522227,【西三河】稲荷山茶園公園
35.2136749988142,137.421637773514,0.3100762005409717,【豊田加茂】黒谷渓谷
35.213718826489,137.421669960022,0.31011251352062463,黒谷渓谷
34.8752515422001,137.075239840148,0.3104705891783066,八ツ面山（やつおもてやま）
34.8751378522121,137.075322830958,0.31057334346890214,【西三河】八ツ面山（やつおもてやま）
34.8729522834221,137.123164105341,0.31062488445473985,長圓寺肖影堂
34.8748468754804,137.076585758525,0.31071145737988387,久麻久神社本殿
34.9670164908838,136.890007853508,0.31075921356977665,佐布里緑と花のふれあい公園（知多市）
34.9669021936457,136.890034675598,0.3108195698263333,佐布里緑と花のふれあい公園
35.291833444401,136.820469545017,0.3120156232270507,馬見塚遺跡
34.8775345657656,137.176977396011,0.31248819941720224,幸田憩の農園
34.877539202455,137.177047915142,0.31249809695663877,幸田憩いの農園
34.8805402849421,137.035104632378,0.3127388920732847,【西三河】紅樹院（茶祖の寺）
34.9724849877825,136.882041692734,0.31281205956738684,【知多】浄蓮寺
34.878647348905,137.04190239779,0.3129575741816215,神明社の大シイ
35.0669347017935,137.403516769409,0.3129579162549151,【豊田加茂】保殿の七滝
34.971909142364,136.882207989693,0.31307800551460585,【知多】誕生堂
34.9718695803163,136.882095336914,0.31318779501104577,【知多】正法院
34.9714205000226,136.882420633018,0.3132517352604694,【知多】密厳寺
35.0667459024872,137.403945922852,0.3134265073136095,保殿の七滝（ほでんのななたき）
34.962101565661,136.890989542007,0.31350541711713814,佐布里池（知多市）
34.9622070769913,136.890860795975,0.31352216736791366,佐布里池
34.8788604489743,137.038556328264,0.3135280999362875,西尾の抹茶工場見学
35.17801064218,136.799433636334,0.3136547781662231,七宝町のラカンマキ
35.1838184738238,136.799086332321,0.31395583054798254,七宝焼アートヴィレッジ
35.1836650203804,136.799064874649,0.3139771271389385,七宝焼アートヴレッジ
34.9709596479478,136.881843209267,0.3139887282533401,【知多】如意寺
34.9920525337014,136.864006519318,0.3140655070480511,【知多】牟山神社
34.874370300471,137.05385863781,0.3146578366860468,西尾市岩瀬文庫
35.178629093791,136.798267053859,0.31481118447110573,らかんまき
35.1784737389215,136.798152923584,0.3149276994266149,【海部】らかんまき
34.8741692014356,137.053188634651,0.3149819765225308,西尾市岩瀬文庫書庫、西尾市立図書館おもちゃ館
35.2556243366977,136.805468874339,0.3159363208001232,尾張大国霊神社楼門
35.2558858133857,136.805489693663,0.3159759235447383,尾張大国霊神社拝殿
35.1718020235721,137.428929668709,0.3161010576012539,伊世賀美隧道
34.876319924785,137.036418914795,0.31650710475193256,【西三河】実相寺（西尾茶の始め）
35.2522848515822,136.804066084076,0.31655883649311445,国府宮の農産物直売所
35.252286768083,136.80393576622,0.31668645071907175,産直広場国府宮店
34.9187337055774,137.287226915359,0.3168518975569313,【西三河】はいらっせぬかた
35.2852490840187,136.812990903854,0.3168617225776143,愛知西のその他各直売所（お米屋さん丹陽西店）
34.8759733223919,137.036340205157,0.31686245195150575,実相寺釈迦堂
34.8725681782223,137.048521234966,0.31746956088949113,愛知県立鶴城丘高等学校正門門柱（旧愛知県蚕糸学校正門）
35.2238730608488,137.42823600769,0.31778043801202643,奥矢作湖
35.2238336208769,137.428332567215,0.3178711941944028,【豊田加茂】奧矢作湖
34.9478317014949,136.899250542634,0.31812720059798566,草木農産物直売所
34.9125489935316,136.945427656174,0.31853007919458964,【知多】海蔵寺
35.0378149343239,137.396553754807,0.318712308498521,香恋の館
35.0378149343238,137.396682500839,0.3188268404897732,香恋の館
34.9623903250425,136.883248570154,0.318834821892857,【知多】水の生活館
34.869056566302,137.056631380272,0.31937691083366715,【西三河】義倉蔵（ぎそうぐら）
34.9811617408312,136.865369081497,0.3197609626881007,【知多】福生寺
35.2752207794986,136.806564331055,0.3199332985733069,一宮地方総合卸売市場　日曜新鮮市
34.9291134706103,136.918849810356,0.3199662661118015,グリーンプラザあぐい （農産物の直売）
34.8634110552104,137.115914225578,0.32001403550607066,西尾いきものふれあいの里
35.2753784393084,136.80652141571,0.3200196813665015,一宮地方総合卸売市場
34.8853394366588,136.993853772019,0.3210189746689017,愛知県立碧南高等学校正門門柱（旧愛知県碧南国民学校正門）
34.9876665048486,136.858137845993,0.32139143411035226,【知多】妙楽寺
34.8868325771703,136.984378223376,0.3232859637537803,熊野神社射小屋並びに南山矢取塚
34.8666901793145,137.04805970192,0.32331953924007234,西尾市歴史公園
34.8659546183756,137.05107802447,0.32344835445787745,抹茶ラボ　西尾伝想茶屋店 
34.865849503585,137.050709724426,0.32362225860740024,【西三河】尚古荘
35.0356757716721,137.401312862811,0.32392313942517786,三河湖観光センター
35.3510456845476,136.835829679338,0.3239561705322812,浅井古墳群（岩塚古墳・浅井14号墳）
35.2399483618759,136.793551014964,0.3244545626443668,性海寺本堂及び宝塔
35.2400024469971,136.79355076725,0.3244642352572651,あじさい寺（大塚性海寺歴史公園）
35.2400111647505,136.793491244316,0.32452436635623993,あじさい寺（大塚性海寺歴史公園）
35.239865912461,136.793122880123,0.3248618182084393,性海寺多宝塔
35.1315014424672,136.792334603552,0.3248813579487421,海部水郷地帯の酒
35.332344665823,136.82410288732,0.32506404357390095,長誓寺本堂（旧渡辺半蔵邸書院） 
35.3305390094773,136.823109526953,0.325126250874394,一宮桜まつり（浅井山公園）
35.1303115321131,136.79135923613,0.32603591391829667,山口家住宅
35.3501538352106,136.832752635316,0.32613623657882945,浅井古墳群（桃塚古墳・浅井4号墳）
34.9059240467432,136.940787231751,0.32660579592445915,【知多】光照寺
34.8837201606711,136.982864443962,0.3267437658129703,伝統食品工場見学 [スギ製菓　株式会社　工場]
35.1313498010712,136.789943205168,0.3272663441058065,甘強味淋
35.1475147034223,136.787684685694,0.3273315554014335,八剱社本殿
35.1478389442459,136.787595381566,0.32738493075546826,冨吉建速神社本殿
35.3514669347806,136.831679977858,0.3277299576078365,浅井古墳群（愛宕塚古墳・浅井20号墳）
34.9242469281078,137.313717250708,0.3277761958055155,天恩寺仏殿
35.2837624930217,136.801001552073,0.3277794381042818,妙興寺勅使門
34.8561514782338,137.132698479275,0.3278505164243747,道の駅　筆柿の里・幸田
34.9241836255794,137.313881317561,0.3279267074246478,天恩寺山門
35.1487665702519,136.786769628525,0.32810656012049194,【海部】須成祭
35.1686819266218,136.785237227556,0.32813546627867884,JA海部東グリーンプラザ
35.1686819266218,136.785237227556,0.32813546627867884,ＪＡ海部東グリーンプラザ
35.1468454861526,136.786895212528,0.32819016790659467,蟹江町観光交流センター（祭人（さいと））
35.3052562004422,136.808283409632,0.3282128850230464,一宮桜まつり（大江川緑道）
35.2845726008684,136.800613135972,0.328397867374221,妙興寺境内地
34.8902039007749,137.261088188989,0.32846432137735143,冨田家住宅
34.9648585361485,136.867816281835,0.32848334476398156,木綿蔵ちた
34.8548847206578,137.119717597961,0.32859529763252143,平原（ひらはら）ゲンジボタルの里
35.2839835717035,136.800127029419,0.3286796571694921,【尾張】一宮市博物館・妙興寺
34.9671127108589,136.865334847207,0.32885293522499837,旧岡田医院
34.9656317251475,136.866608262062,0.3288736431128963,【知多】岡田地区
35.2853650453271,136.800345721755,0.3288970698551802,妙興寺鐘楼
34.9666091933383,136.865711991158,0.3289006346989122,旧中七木綿本店
34.9647747179904,136.867292753162,0.3289300711566414,知多岡田簡易郵便局
35.350494499524,136.828834351722,0.32968230967466405,浅井古墳群（小塞神社古墳・浅井1号墳）
35.2466530138566,136.789333820343,0.3298277146822013,荻須記念美術館
35.1936695784523,136.783272027969,0.32992935957879005,【海部】湯の花神事
34.9165046392351,136.918906257872,0.3300428662127399,蓮慶寺
35.1346902747663,136.785812813292,0.3308363661785553,蟹江町まちなか交流センター 『みちくさの駅　楽人(がくと)』
35.2478884429289,136.788464784622,0.3309191589034133,稲沢公園
35.2471349210532,136.788293123245,0.33094161597220434,稲沢公園
34.8516041923412,137.086343876683,0.33288036649153424,西尾のミカワギセル生息地
35.3536294232535,136.824915267453,0.3346503540637742,木曽川堤（サクラ）
35.0302160018568,137.410624623299,0.3347006906649035,三河湖
35.0302687136485,137.410737276077,0.3347767380650892,三河湖
35.3075543520168,136.802093157747,0.334813969565321,国登録
34.8483077907787,137.122206687927,0.3352297099263489,平原（ひらはら）の滝
34.8579528943057,137.195211052895,0.33567175834510626,不動ケ滝キャンプ場
34.8741161151849,136.980774658255,0.336390682571299,九重味淋大蔵
34.8739810592314,136.980884348794,0.3364717658558095,伝統食品工場見学 [九重みりん時代館・九重味淋大蔵]
34.9014942421148,136.928988765106,0.3366798055162724,半田赤レンガ建物(旧カブトビール工場)
34.9280664525137,137.33384326781,0.337571762424087,本宮山自然休養村　男川やな
35.1329827430209,136.778929647691,0.3378966221704623,尾張温泉（湯元館）
34.9269703887309,137.333873119599,0.33842108403075,男川やな
35.1337014295422,136.778158115828,0.3385532596222807,尾張温泉
35.1337014295422,136.778158115828,0.3385532596222807,尾張温泉（尾張温泉東海センター）
34.9104902520145,136.912608146667,0.3386149423273598,矢勝川堤に咲く百万本の彼岸花
34.8953824370607,136.934977769852,0.3386266067281785,國盛 酒の文化館
34.8953472379743,136.934972405434,0.33865936756845366,國盛　酒の文化館（半田市）
34.845607940834,137.084392353387,0.3390169819224715,吉良八幡山古墳
35.2200343617668,136.775978583808,0.339046990629356,緑花木販売センター
34.8956112307542,136.933749318123,0.3390799725948817,【知多】光照院
35.2478621574,136.779870986938,0.33934739474385517,【尾張】稲沢の伝統文化
34.8981390231781,136.928383506391,0.33982275930891237,摂取院のイブキ
34.8551952272542,137.202941996191,0.3403063450680333,遠望峰山（とぼねやま）
34.8981191198491,136.927371025085,0.3403906805035893,【知多】龍台院
34.9096334319322,136.910635175662,0.3404751032042769,黒牛の里（半田市）
34.8931164651108,136.934216022491,0.3409549943346313,MIZKAN MUSEUM
34.8931208651169,136.934076547623,0.3410244220868109,MIZKAN MUSEUM
34.925841589891,137.336847782135,0.3412208845750009,わんパーク
34.8924696616508,136.934731006622,0.3412364800520891,半田運河（半田市）
35.305827475839,136.794480391129,0.3412725226163207,一宮桜まつり（稲荷公園）
34.8924608615686,136.934612989426,0.3413056657362299,半田運河
34.8930018153991,136.933422514784,0.3414693471300382,小栗家住宅
35.0830732326061,136.786437034607,0.3416703769367036,海部南部味噌
34.8964966889088,136.927296267786,0.34179226204129776,旧中埜家住宅
34.8431480106293,137.079677581787,0.3418960314158663,赤馬の径
34.8427767163142,137.083618818503,0.34190386144447077,花岳寺本堂
35.1499837485662,136.772707253155,0.3419724158589086,名古屋西流通センター　土曜特売市
35.2852490840187,136.786512136459,0.34204157265569685,愛知西のその他各直売所（お米屋さん大和店）
35.1762287577636,136.770601272583,0.3425159633478648,【海部】朝市かもり
35.1764765860442,136.770324336465,0.3427877347518768,朝市かもり
35.2055103891062,136.770185770766,0.3435675411256135,蓮華寺庭園
35.2053673440455,136.769786843362,0.34395648308706883,蓮華寺のカヤノキ
35.2054042930849,136.769716143608,0.3440293986862129,蓮華寺寺叢
35.2054262091576,136.769667863846,0.34407898120037994,蓮華寺寺叢
35.2053648441391,136.769453287125,0.34428920035643185,【海部】二十五菩薩来迎会
35.2384409564936,136.772271440963,0.3451849790960226,尾張国分寺跡
35.2296661462861,136.77082657814,0.3453270248080619,愛知県植木センター
35.2297713119421,136.770810484886,0.345357074273861,植木センター（愛知県植木センター）
34.865699506293,136.977085768196,0.34557983957064325,伝統食品工場見学 [株式会社　角谷文次郎商店]
35.3429827075536,136.805960600788,0.34606599256015474,愛知西のその他各直売所（お米屋さん葉栗店）
34.8916766217691,136.92403656691,0.347609930154746,愛知県立半田商業高等学校正門門柱（旧愛知県知多郡立高等女学校正門）
35.2905806762571,136.781763768548,0.34818139335928494,森川家住宅
34.8365932798621,137.155984416464,0.3494673419446786,三河地震による地震断層
35.3576830795281,136.80905342102,0.35039882249243126,１３８タワーパーク
35.35772245434,136.809064149857,0.3504090999818461,【尾張】138タワーパーク
35.1970626062926,137.463351488113,0.3505754428305658,木材需要促進センター「モッキー」
35.1970713736228,137.463512420654,0.350736594713958,木材需要促進センター「モッキー」
35.3568036512871,136.80671339584,0.3519968008950577,一宮桜まつり（木曽川堤）
35.1968697247882,137.464933991432,0.35214932768045504,郷土資料館「ちゅーま」
35.1968521900833,137.464971542358,0.352186181591016,稲武郷土資料館「ちゅ～ま」
34.8547966795529,137.240760326385,0.35256227353046904,蒲郡オレンジパーク
34.8361201742464,137.051543449569,0.35269506738463324,西尾市憩の農園
34.8546205970605,137.240722775459,0.3527128068577864,蒲郡オレンジパーク
35.0845438050878,136.774334907532,0.35284187146545665,飛島村大宝排水機場保存館
34.8359361035491,137.051557302475,0.3528739057192607,【西三河】西尾市憩の農園・バラ園
34.8373318638117,137.18212723732,0.35290846253500946,本光寺
34.8372440722019,137.182290656147,0.3530265753893693,島原藩主深溝松平家墓所
34.8357457119662,137.05128426687,0.3531090371989639,西尾市憩の農園
34.9473814037565,137.37669467926,0.3538690785966665,ぬかた体験村
34.9474429631036,137.377080917358,0.35411591809581483,カフェ柚子木
35.0497521767652,136.784774065018,0.354435852157899,弥富野鳥園
35.0497433935636,136.784591674805,0.3546080938794061,弥富野鳥園
34.940125871264,137.371072769165,0.3546380791622412,産地問屋宮ザキ園
34.8980927214153,136.900924444199,0.35552921105773466,（いちご狩り）ベリーガーデンズ
34.9618465793852,136.833692193031,0.35654955198694965,【知多】日長神社
34.9231786564491,136.869264212186,0.35657966608458985,篭池古窯
34.8303264056703,137.059507369995,0.3571211615968634,【西三河】天竹神社の棉祖神
34.8360681954394,137.198553085327,0.3577149987353331,早春の西迫町（にしばさまちょう）
35.1003540764653,136.764957904816,0.35785628342727016,三ツ又池公園
34.9018412140802,137.333908081055,0.3578604337526883,岡崎市ホタル学校
34.8358216237393,137.198166847229,0.3578623553071542,【東三河】早春の西迫町
34.8835546952407,136.917672157288,0.3578880544637315,【知多】常楽寺
34.8377490167402,137.019682591443,0.3580488748139602,枯木宮貝塚
34.8256016429654,137.095410117008,0.358244713145758,産直つのひら
34.8460498936046,137.233916766595,0.35836302704210293,清田の大クス
34.8458606217635,137.233840067986,0.3585153627931742,清田の大クス
34.9224078308406,137.358960925824,0.3586076518739003,【西三河】万足平の猪垣
34.8975207532659,136.893821954727,0.3602656016347071,（いちご狩り）市野園芸
35.3577312042955,136.797165870666,0.36078356554366636,木曽川堤の桜
35.2312392349919,136.754647493362,0.3615715364703496,愛知県下水道科学館
35.2314013621776,136.75462603569,0.36161428549713764,【尾張】愛知県下水道科学館
34.8510020183941,136.968816518784,0.36234995435652234,碧南市農業活性化センター　あおいパーク
34.850781905068,136.968811154366,0.3625540250675696,碧南市農業活性化センターあおいパーク
34.8507466868812,136.968612670898,0.3626653358643358,レストランだいどころ
34.890899863933,136.897783072233,0.36318016146672516,ファーマーズマーケット「ブリオ」（半田市）
34.8908636310398,136.897459030151,0.36340148454979976,ファーマーズマーケット　ブリオ
34.8459867175288,136.973183469491,0.36526201117192997,碧南市前浜新田の松並木
34.8459128477311,136.972979307175,0.3654084600700886,前浜新田の松並木
34.9018060177616,136.878190040588,0.3666843843745759,（いちご狩り）澤田農園
34.8431949500428,136.974994208213,0.3671579256616476,農家れすとらん葉菜の舎（はなのや） 
35.270990126671,136.755736470222,0.3678818606412245,萩原・萬葉公園
35.2709594689601,136.75571501255,0.36789540469687493,萩原・萬葉公園
35.116047193457,137.475700378418,0.36886205561833785,段戸裏谷（だんとうらだに）原生林  きららの森
35.3642234099712,136.791071891785,0.36926600146942906,川釣り体験場　マス釣り
34.954772592077,136.82296872139,0.36934877725545684,新舞子マリンパーク
34.954838542572,136.822872161865,0.36938380283839073,新舞子マリンパーク（知多市）
34.8160665070089,137.161736779607,0.37055910386745466,三ヶ根山
34.8160054126493,137.161495685577,0.37058806878811495,【西三河】三ヶ根山
35.2382761330275,136.746311187744,0.37081190172248996,産直広場一色下方店 
35.2381184010304,136.746225357056,0.37087348868390646,産直広場一色下方店 
34.8759808157665,137.321365068461,0.3713658553628087,黒門
35.344366123453,136.77824134621,0.37148025020587155,木曽川資料館
34.9649032450238,137.413956096001,0.37188105189657655,須山のイヌツゲ
34.8552985125886,137.2886967659,0.3721736473489891,宮路山（みやじさん）
35.1123787152791,136.747416257858,0.372461898914989,ＪＡあいち海部グリンセンター 十四山店（菜々耕房）
35.1123611623549,136.747201681137,0.3726758855737553,JAあいち海部グリーンセンター 十四山店（菜々耕房）
34.8545413598159,137.288739681244,0.3728615558856405,【東三河】宮路山（みやじさん）
34.9634511859082,137.414291199588,0.3730066865654695,須山のイヌツゲ
35.2049177547469,136.740002632141,0.37365864669476184,【尾張】一宮の桜まつり
35.205198281712,136.739830970764,0.37384626660912124,平和の桜並木
35.3062823938944,136.759421577638,0.37435867418168073,旧起第二尋常小学校奉安殿
35.2054437420115,136.739315986633,0.3743747416231782,平和桜物語
34.9762565246289,137.425161479993,0.3746092711792521,愛知東農業協同組合　 産地直売施設　勇気野菜館
35.0182113523845,137.449258158264,0.37461005375445694,涼風の里
34.9145521233177,136.851631715439,0.3749947005303368,前山ダム公園
34.9145521233177,136.851631715439,0.3749947005303368,前山ダム公園
34.914505925972,136.851486014347,0.3751293983832227,【知多】前山ダム公園
34.8095033138032,137.072514397542,0.3760988349256314,国宝　金蓮寺弥陀堂
34.8094165674181,137.072693109512,0.37616586512359645,国宝　金蓮寺弥陀堂
34.8093108597247,137.072693109512,0.37627096312315184,【西三河】国宝金蓮寺（こんれんじ）弥陀堂
34.9130917783342,136.851293208552,0.37627849771721866,前山ダム
35.1204263327055,136.741799712181,0.3765474491952951,水の館
35.1203210255059,136.741810441017,0.37655450128460116,水の館
35.0659515767223,137.471211011434,0.3769378070798991,豊邦のアカガシ
34.9376984225364,137.400019168854,0.37779784710122083,くらがり渓谷
34.963174257855,137.420489788055,0.3781916908523125,つくで手作り村
34.9631856588179,137.420641678522,0.3783085423140858,つくで手作り村（味彩館、山家市）
34.8574087685647,136.920918888894,0.3784038698322624,三井家住宅
34.8147545680755,137.20106601996,0.37902070559655293,蒲郡海鮮市場
34.9628324571347,137.421418069277,0.37914546646434644,つくで手作り村（勇気工房）
34.8553095403927,136.922574688411,0.3793799071272407,中定商店
35.2547311524039,137.485828399658,0.37954731891985094,押川大滝
35.2546785857747,137.485844492912,0.3795532518939799,押川大滝
34.8571825601743,137.307236194611,0.379654055635207,【東三河】旧東海道赤坂宿
34.8066064584628,137.065113186836,0.37984171492999086,尾崎士郎記念館、旧糟谷邸
34.8064142767701,137.065173129768,0.38002480614189327,旧糟谷縫右衛門住宅
34.8044184803318,137.084455162213,0.38007031076531456,岩場古墳
35.2567330394959,136.740024089813,0.3801555368807538,祖父江ぎんなんパーク
34.9637659512943,137.423337305589,0.3801680066761551,歴史の小径（亀山城趾等）
34.9621364613767,137.42230289258,0.38027005408636744,つくで手作り村（とんちん館）
35.1726309584765,136.732505857944,0.3806887369918365,国登録
34.8194757957419,137.225257158279,0.38084376131811815,手織り三河木綿工房 手織場（てばたば）
34.819433053181,137.225412318993,0.38093034846772716,手織り三河木綿工房
34.8573234218116,137.309993505478,0.38095121231039025,グリーンセンター音羽（ぺったん工房）
34.932603456387,136.826265617561,0.3809798709148143,常滑市大野町のイブキ
34.857288685997,137.310076459795,0.3810238367074551,グリーンセンター音羽（ぺったん工房）
34.9981790912179,137.44606706234,0.3810735668354079,ＭＩＬＫ工房スコット
35.3074854920093,136.752696614503,0.3811074737786475,産直広場尾西店
34.8699427651882,136.895956993103,0.3812990209320172,壱町田湿地
35.2568040299902,136.738755705128,0.3814138387382937,ぎんなん・いちょう並木
35.2568040299902,136.738755705128,0.3814138387382937,ぎんなん・いちょう並木
34.8699471664351,136.895613670349,0.3814909727857477,【知多】壱町田湿地
34.869907788309,136.895335667009,0.3816818308917258,壱町田湿地植物群落
34.8218075551427,137.235799185686,0.38187336954986467,ナチュラルキッチン　せさみ
34.8558503089547,136.91478270809,0.3828883644640866,武豊町歴史民俗資料館（武豊町）
34.8305862038865,137.263242602348,0.3834663407905699,とよおか湖公園（蒲郡調整池）
34.8304793653782,137.263182448288,0.3835410929670974,とよおか湖公園
34.8049194661524,137.17749774456,0.38394179959125346,双太山公園（そうだやま）
34.8046595869831,137.17741727829,0.3841845015056017,【東三河】双太山公園
35.3353307823576,136.759522078979,0.3847798325280061,葛利毛織工業株式会社
35.1136863974971,136.734112501144,0.38529102877181626,金魚、金魚池
34.8469461768191,136.924957577047,0.38546737513810775,旧武豊港駅転車台
34.8004758250031,137.068153082705,0.3855583914453323,西福寺鐘楼
35.1774610802605,136.726502070875,0.3865856377649694,寳泉寺書院（旧服部家住宅書院）
35.3653033790322,136.771879538746,0.38662146570792305,天然鮎せり市
34.8517592037389,137.312101721764,0.3868055358570737,御油（ごゆ）の松並木
34.8057079081097,137.027487158775,0.38727270218598053,一色地域文化広場「学びの館」
34.8056858846937,137.027492523193,0.38729299651161075,一色地域文化広場「一色学びの館」
35.1108603733552,136.732578277588,0.3873194231230399,金魚日本一大会
34.8056021956594,137.02766418457,0.3873367445413546,【西三河】一色学びの館
34.845042730675,136.924307053709,0.38744643497621845,旧国鉄武豊港駅転車台
35.3162257917811,136.749066796447,0.3874497724456886,一宮桜まつり（尾西緑道）
35.0007363702617,137.455015418163,0.38770652031573843,長の山湿原
35.3079505026276,136.745785474777,0.38779771877739844,一宮市三岸節子記念美術館
35.0007449683226,137.45519073553,0.38785711696863023,長ノ山（ながのやま）湿原
34.8507947386776,137.312755347277,0.38796886034811834,御油のマツ並木
34.8311716341317,137.276062333603,0.38813538619317345,ヒメハルゼミの棲息地
35.2959624225696,136.741463378392,0.3882501130983152,冨田一里塚（東塚）
35.2958987830131,136.741309780634,0.3883786810914226,冨田一里塚（西塚）
34.8296703014416,137.273375988007,0.38838170730961064,蒲郡さがらの森
34.8293840798384,137.273397445679,0.3886512715728088,【東三河】蒲郡さがらの森
34.7946090931806,137.11546814143,0.3888106769623183,アグリプラザ幡豆店
34.796385315184,137.069104662779,0.38951288859932953,宝珠院
35.1787368185924,136.723485589027,0.3895843664858795,津島市観光交流センター（まつりの館　津島屋）
35.1787208724895,136.723421094472,0.3896490480600551,旧津島信用金庫
35.3130133023254,136.745476174578,0.38974479884788615,墨会館
34.9739477532471,137.442020161777,0.3900026297030709,甘泉寺のコウヤマキ
34.9735707311089,137.441985011101,0.39017561739192264,【新城設楽】甘泉寺のコウヤマキ
34.9735267741687,137.441974282265,0.39019021525264125,甘泉寺（かんせんじ）のコウヤマキ
34.8110726369112,137.231678366661,0.39078301071433397,竹島
34.8110638281189,137.231699824333,0.390797918430381,竹島
35.213780185194,137.50278532505,0.3909247394249278,どんぐり横丁
34.8155181992878,137.2455006046,0.3910131764842921,三谷町北区山車蔵
34.792402548559,137.101132116461,0.3911909897530369,三ヶ根みかん狩り
34.810567918523,137.232040710064,0.39137395803342434,八百富神社社叢
35.2142447567416,137.503252029419,0.3914263553421105,稲武どんぐり工房
35.2143324114524,137.503327131271,0.39150813685606006,稲武どんぐり工房
35.1399222725866,136.723363548517,0.39209768094308006,八幡社本殿
34.7910918755715,137.104740142822,0.3924081499305578,潮干狩り場(西幡豆・鳥羽海岸)
35.1736767702956,136.720658540726,0.3925041136430224,天王川公園
34.7937256616578,137.065118632188,0.3926222583640762,颯田家住宅主屋
35.1736241511544,136.720497608185,0.39266630481458875,天王川公園
35.1766645238854,136.720390681593,0.3927091932326879,旧堀田廣之家住宅
34.8462873885412,136.911378268172,0.39283757318158274,グリーンセンター武豊
34.8750465579265,137.356816761377,0.39308466295540495,八所神社
35.1764994866996,136.719919894422,0.3931827779479406,旧堀田家住宅（愛知県津島市禰宜町） 
34.8736111227397,137.355821728706,0.39359719599883286,財賀寺
34.7923430177332,137.159070968628,0.3937686890518088,【西三河】愛知こどもの国
34.7922064503216,137.158121466637,0.3937944970534967,愛知こどもの国
34.873364663534,137.35583782196,0.3938011358402027,財賀寺
35.1761498315166,136.719274520874,0.3938343444390827,堀田家住宅
35.1781638704236,136.719032455781,0.3940443973680197,津島神社楼門
35.1781805593216,136.718670052108,0.3944065471996534,津島神社
35.1777478779761,136.718672426059,0.3944101501235891,津島神社南門
35.1783517071858,136.718636175535,0.39443818790564145,津島神社本殿
34.7899320046535,137.08547487632,0.3944446791686923,正法寺古墳
35.1780440402946,136.718625426292,0.394453003374156,津島神社
35.1097632878858,136.725025177002,0.39494447658084103,【海部】文鳥
35.1784266037239,136.718091666698,0.39498169951979045,津島神社のイチョウ
35.3123072127664,136.739486325841,0.3951679279766014,旧湊屋
35.1093946638531,136.724778413773,0.39525577844530496,弥富の金魚市場
34.7956249729805,137.190265059471,0.39540150454715506,ブルーブリッジ（形原漁港大橋）
35.312486832586,136.739298427538,0.3954041527161594,定渡船場（起渡船場跡）
35.1094780432445,136.724579930305,0.3954351545253377,YaToMiAQUA（弥富金魚水族館）
34.7955641410057,137.190326450942,0.3954731579765568,ブルーブリッジ
35.3057441253411,136.736665964127,0.39575743209943276,【尾張】尾西歴史民俗資料館
35.3061223571185,136.736626779967,0.395911764474758,旧林家住宅主屋及び裏座敷
35.3097949699694,136.737707035589,0.39604149402248795,起のやまがき
35.3059960206952,136.73640735292,0.3960812734154459,旧林氏庭園
35.2145121033138,137.507924437523,0.39610531734214627,古橋懐古館
34.7885597372501,137.144527789077,0.3961058299881874,三河湾観光漁船
34.7885597372501,137.144527789077,0.3961058299881874,三河湾観光遊船
35.2145252514831,137.507994174957,0.39617587188808284,古橋懐古館
35.3093246017003,136.737247650694,0.3963272015814783,起の大いちょう
35.1013475675288,136.725233363275,0.3963963484436025,立田輪中人造堰樋門
35.1013475675288,136.725233363275,0.3963963484436025,立田輪中人造堰樋門
35.3093508235205,136.737016578016,0.3965546364215279,宮河戸（起渡船場跡）
35.1012669579849,136.724982261658,0.39665869925649483,【海部】立田輪中人造堰樋門
34.8440901789279,137.318555116653,0.39670532666389413,【東三河】御油（ごゆ）の松並木資料館
35.3079780724221,136.736287059127,0.3968133902649124,船橋河戸（起渡船場跡）
35.1545562408253,136.717278957367,0.3968135243933016,鈴木家住宅
34.8438823380534,137.318429163748,0.396817911973944,東海道御油（ごゆ）の松並木
35.1656048750315,136.715900646596,0.3975402822077862,愛知県立津島高等学校正門門柱（旧愛知県津島中学校正門）
35.2100153044904,137.509855628014,0.3977044881679013,【豊田加茂】大井平公園
35.2100372193186,137.509855628014,0.39770595468773307,大井平公園
35.2141299511014,137.509765597166,0.3979111359660256,しだれ桜（瑞龍寺）
35.214210892618,137.509831842051,0.39798343882604376,瑞竜寺のシダレザクラ
35.2142579049543,137.509855628014,0.3980107941431905,【豊田加茂】瑞龍寺しだれ桜
34.8852280282661,136.848647483477,0.39852002178205825,大善院のイブキ
34.7948628661588,137.021666765213,0.3991490950582012,うなぎ割烹　みかわ三水亭
34.7914443119037,137.188510894775,0.3991671259898747,【東三河】形原港晩市
34.7864571976711,137.069721221924,0.39931185184377394,潮干狩り（吉田海岸）
35.2090291310978,137.511641979218,0.3994223958561473,名倉川遊歩道
35.106199965799,136.721016853725,0.3995564616136799,弥富市歴史民俗資料館
35.128753945978,136.716914176941,0.3998808543912165,【海部】服部家住宅
35.1288087878164,136.716906130314,0.3998813332062801,服部家住宅（愛知県海部郡弥富町） 
34.7853821971459,137.066481113434,0.40074404551743437,西尾市吉良町吉田沖の海苔粗朶
34.7853293279062,137.065966129303,0.4008567091133283,【西三河】海苔養殖風景
34.7949509713538,137.014102935791,0.40086287530784176,一色さかな広場
34.8817032411754,136.848628377414,0.4011767774452629,窯のある広場・資料館（倒焔式角窯）
34.7945782753335,137.014054740316,0.40123593901077936,一色さかな広場、さかな村
35.1045936223997,136.719456911087,0.4013994415449346,【海部】水郷の塔
34.785223589325,137.164006233215,0.40143683554369264,【西三河】三河湾の彼方に沈む夕日
34.7850473580552,137.16344833374,0.4015412256046542,三河湾の彼方に沈む夕日
34.7835141301199,137.14937210083,0.40154495363057124,潮干狩り場(東幡豆海岸)
35.1044448883581,136.719315201852,0.4015676146584614,水郷の塔
35.1044448883581,136.719315201852,0.4015676146584614,水郷の塔
34.7941932636002,137.014060020447,0.401607760049576,うなぎ処　いっしき 
35.1644978602053,136.711719616918,0.40176775274781085,JAあいち海部グリーンセンター津島店
35.106322732072,136.71863079071,0.4018742455007596,【海部】海部水郷地帯の酒
34.7818434917342,137.096758943638,0.4018986963479098,潮干狩り（宮崎東海岸）
35.1643363392921,136.711592674255,0.40190218873877315,ＪＡあいち海部グリーンセンター津島店 （愛菜耕房）
35.1743110617624,136.710797642416,0.40234720513076266,下新田の藤
34.7851002274756,137.178382873535,0.4036358139198966,【東三河】蒲サ食品
35.2184170160044,137.517027854919,0.40549967807054255,夏焼城ヶ山の花々
34.7781777416147,137.087551408796,0.4060353819615358,幡頭神社境内社神明社本殿
34.7781596404468,137.087442165996,0.4060603199101011,幡頭神社本殿
34.7781505755939,137.087365692615,0.40607419499636976,幡頭神社境内社熊野社本殿
34.7777334283149,137.091372013092,0.4062571227616003,西尾市吉良町宮崎海岸
34.784166196058,137.037234306335,0.4063793337768709,【西三河】鰻養殖ハウス群
34.7776100552643,137.091200351715,0.40638951008063945,【西三河】西尾市吉良町宮崎海岸
34.9315899048973,137.432393431664,0.4066938272053347,保永の三滝（やすながのさんたき）
34.8361035099136,137.324658000394,0.40669976660368684,白井家住宅主屋
34.8558003425633,137.354416251183,0.40692887160060054,四季の森
34.8555978501349,137.354357242584,0.4070569278908123,四季の森
34.7807912585435,137.177567481995,0.40775871938084646,西浦鮮魚マーケット
34.7805649072274,137.177571142614,0.40798279920426356,西浦鮮魚マーケット
34.8558708096588,136.868074000514,0.4090142224485921,多賀神社の社叢
34.8557431164927,136.867986917496,0.4091686360616514,【知多】多賀大社
34.8555163797801,136.866916046395,0.409992200816644,多賀の里
34.8555163797801,136.866916046395,0.409992200816644,多賀の里　農畜産物直売所
35.0554083623959,137.504383921623,0.4117445328469397,鳴沢（なるさわ）の滝
34.8382105811847,137.33969617112,0.41296042939928596,八幡宮本殿
34.7888572934104,137.236416396256,0.4133942919784277,大島ナメクジウオ生息地
34.8200564621025,137.310427302485,0.41350742360591414,大恩寺山門
34.8407188088331,137.344512491192,0.41354249471636945,三河国分尼寺跡
34.775463783401,137.043611034728,0.41381463925053436,三河湾に広がる一色干潟
35.2229550452755,137.525302894366,0.41415306842774935,山里Cyafe（ちゃふぇ）
34.8379554577495,137.341587199988,0.4142140930882544,三河国分寺跡
34.9057595818129,137.42149336238,0.4150099770252588,砥鹿神社奥宮（本宮山）の社叢
34.8185421537514,137.311710119247,0.41545061317589443,御津山（みとやま）
34.7672108065428,137.100255489349,0.41639775721424294,潮干狩り(梶島)
35.2595145729585,136.702902317047,0.4171403225232272,木曽三川公園ワイルドネイチャープラザ
35.2596459816267,136.702923774719,0.41714322018356104,木曽三川公園 ワイルドネイチャープラザ
34.8468990091918,137.359882593155,0.41733853810203675,ぎょぎょランド
34.8468109595418,137.36008644104,0.4175301190760525,【東三河】ぎょぎょランド
35.1441941811644,136.694383044323,0.42049172457752826,立田ふれあいの里
35.1441941811644,136.694383044323,0.42049172457752826,道の駅「立田ふれあいの里」
35.1441169911095,136.694169044495,0.4207119947430463,【海部】立田道の駅
34.8383500796287,137.355025845676,0.4214547388273899,旧豊川電話装荷線輪用櫓
35.17286116978,137.534515857697,0.4216060023949549,道の駅「アグリステーションなぐら」
35.1728699397216,137.534623146057,0.4217130378334633,道の駅アグリステーションなぐら
34.8408673903788,136.86519742012,0.4228047218343405,【知多】潮干狩り（大谷）
35.2504770986628,137.530896550939,0.4232023274321472,大野瀬の子持桂
35.2078544733821,136.690231561661,0.42351624164185386,れんこん
34.8050912502383,136.921480894089,0.42405466630404415,【知多】潮干狩り（上村）
34.8049205133687,136.921506379189,0.4241954886386146,知多半島の潮干狩り （上村潮干狩り場）
35.1613541917272,136.689223051071,0.4243924745285661,ハスの風景
35.1613541917272,136.68906211853,0.4245531896292056,花ハス
34.8091713675537,137.313763934877,0.424671091499352,旧今泉医院診療棟
34.8026298138804,136.921065064175,0.42643912938697404,知多半島の潮干狩り （大池潮干狩り場）
34.8025364756215,136.921244859695,0.42644158109945773,【知多】潮干狩り（大池）
34.8796347576161,137.417791625855,0.43029423643593506,宝円寺のシダレザクラ
34.8796249384722,137.417796850204,0.4303048685994659,本宮山（宝円寺のシダレザクラ、牛の滝）
35.2024543357173,137.543635368347,0.43101431288967823,面の木原生林
34.7983781903764,136.91913664341,0.43110374285090836,【知多】潮干狩り（河和口）
34.7983870005245,136.919104456901,0.4311103525397267,知多半島の潮干狩り （河和口潮干狩り場）
35.2025979428715,137.543982434661,0.43136740389535644,黒田ダム
34.865715546469,137.406374443388,0.43240622645292237,大谷家住宅
34.8011533404632,137.316634654999,0.43309565407938844,【東三河】引馬神社
34.8273157234361,136.866121803249,0.4333292452636358,盛田味の館
34.8273157234361,136.866121803249,0.4333292452636358,盛田味の館
34.8272351843381,136.866055727005,0.43343308149763654,【知多】味の館
35.2618170785257,137.53977262787,0.4338737593875499,子持ち桂
35.1508850960411,137.545971589064,0.43414989135666243,八幡神社本殿
34.8250245816871,136.865358352661,0.4356475921917073,【知多】潮干狩り（小鈴谷）
34.8236766260637,136.867315675108,0.4356501586766193,小脇公園
34.8236766260637,136.867315675108,0.4356501586766193,小脇公園
34.8235996575807,136.867221109509,0.43576705556968326,【知多】小脇公園
35.1318338064175,136.680200099945,0.43590406577526386,船頭平閘門
35.1317241267782,136.680189371109,0.4359277103840952,【海部】船頭平閘門
35.1318783304685,136.68016742574,0.43593124477923834,船頭平閘門
35.1384113792401,136.677330243803,0.4380293611334864,【海部】加藤牧場
34.8779394421041,137.42701292038,0.438054114756364,本宮の湯
34.8779394421041,137.427141666412,0.43814640141920486,本宮（ほんぐう）の湯
35.0575477093672,137.532757475846,0.4381815087495048,設楽町立田峯小学校
34.8781245885046,137.42782934744,0.4385107328200158,本宮山
34.8746651676126,137.424824237823,0.4387857748222887,【東三河】ウォーキングセンター及び本宮山
35.055005315068,137.534718496101,0.4407941467366011,田峯城址（歴史の里　田峯城址）
34.8799599863314,137.433654927007,0.4414475722744027,炭焼古墳群
34.9911057523885,137.511450409624,0.44239248449058555,奥三河の民宿旅館　川合
34.7858051498441,136.916921138763,0.4433449213894975,知多半島の潮干狩り （北方潮干狩り場）
34.7856994118729,136.916921138763,0.44343975332396374,【知多】潮干狩り（北方）
34.8022302022984,136.886322494024,0.44351032053144035,鵜の山ウ繁殖地
35.1997102970115,137.556971311569,0.4442284889808073,【豊田加茂】オオキツネノカミソリ他
34.8163010063968,136.862797287656,0.4442893139340266,知多半島の潮干狩り（常滑市）
34.8162432354458,136.862536668777,0.444483879799808,【知多】潮干狩り（坂井）
34.8782233479414,137.436274718004,0.444544362303296,炭焼古墳群
34.8161859818723,136.862424015999,0.4445946682783221,知多半島の潮干狩り （坂井海岸）
34.8160292053353,136.862577442022,0.44463772835761883,坂井海岸（常滑市）
34.8016913871159,136.883329753302,0.445509202294972,鵜の池（美浜町）
34.7890212817011,137.322192192078,0.4464168916080084,三河臨海緑地「日本列島」
34.7887569468268,137.322041988373,0.4465801224832092,三河臨海緑地「日本列島」
34.8010035728434,136.879767179489,0.44794358277945,ジョイフルファーム鵜の池
34.8008361851815,136.879702806473,0.44812000589396617,ジョイフルファーム鵜の池（美浜町）
34.8007254575403,136.879828466218,0.4481491365057151,【知多】ジョイフルファーム鵜の池
35.064247563568,137.548892498016,0.45184726884961113,道の駅したら・奥三河郷土館
34.7891754766532,136.889653801918,0.453127836708274,美浜町民の森
34.7891622599544,136.889616250992,0.45315784872449527,美浜町民の森（美浜町）
34.8068330559554,136.858643727954,0.4544560283126635,知多半島の潮干狩り （上野間潮干狩り場）
34.8067297881389,136.858620643616,0.45455452379831107,【知多】潮干狩り（上野間）
34.8244609125535,137.391929626465,0.45455955685949717,【東三河】豊川稲荷春季大祭・秋季大祭
34.8473250392496,137.421509930199,0.4561875768541993,砥鹿神社のケヤキ
34.828543576309,137.400734729129,0.4568357516795094,トヨテック本社
34.780304322455,137.335324859235,0.46033213542516166,前芝の燈明台
34.7997085120757,136.858191490173,0.46062701995834177,【知多】潮干狩り（奥田北）
34.7996469644756,136.858189592369,0.46067934043318065,知多半島の潮干狩り （奥田北潮干狩り場）
34.8074858967578,137.38042216313,0.4613163671286826,牛久保のナギ
34.7988010764227,137.368610501289,0.4617802792933042,五社稲荷社朝市
34.7987345625156,137.368552861856,0.4618037856158675,五社稲荷社朝市
34.820946785732,137.39925933164,0.46184585601157263,三明寺本堂
34.8208926961651,137.399259179601,0.461888213535356,三明寺本堂内宮殿
34.8201889671896,137.399552352752,0.46262226101798354,三明寺三重塔
34.796091925125,137.366078495979,0.4626494507009364,とんぼ公園（ビオトープ）
34.7267911199572,137.034584283829,0.46331243052037085,「三河湾の黒真珠」佐久島
35.0977712813534,137.568506782395,0.4634464651302282,福田寺のイヌグス
34.8959016218323,137.476805448532,0.4636660994712687,愛知東農業協同組合 産地直売施設　グリーンセンターしんしろ
34.7247932341593,137.044591729515,0.4636990205599114,【西三河】カモメの駐車場
34.8959398529879,137.476892860563,0.46371097873487005,グリーンセンターしんしろ
34.8958312240894,137.47683763504,0.46373500465133854,【新城設楽】グリーンセンターしんしろ
34.7260901025409,137.03441798687,0.46403148658282123,佐久島弁天サロン
34.7259181539648,137.035077810287,0.464089648066447,黒壁の家並み
34.7259432097426,137.034403204519,0.4641787602573776,弁天サロン
34.7238637820912,137.0460460146,0.46440628447837845,大浦海水浴場（佐久島）
34.725277036129,137.035277788653,0.46468815929470286,大葉邸
34.7957037862384,136.856761747701,0.4647551296800735,知多半島の潮干狩り （奥田中潮干狩り場）
34.7955853259785,136.856775283813,0.46484649378610254,【知多】潮干狩り（奥田中）
35.0980085846442,137.570339672508,0.4652042887341073,福田寺（ふくでんじ）のイヌグス
34.7225592607072,137.048777580409,0.465312082829695,神明社本殿
34.722424002068,137.048745016404,0.4654505428858659,八劔神社本殿
34.72238210651,137.048660516739,0.46550371600450324,【西三河】佐久島八劔神社
34.7224213616407,137.046048109222,0.46583336189459357,シーサイドプロムナード
34.7220974102354,137.046649104535,0.4660679548576766,民宿千鳥
34.7216106362614,137.046693482178,0.4665434565170725,佐久島民宿　魚増
35.2890951851964,137.56764695813,0.46672759960966864,玄武岩
34.7211509935762,137.046825168102,0.46697974104626544,佐久島体験民宿ゆきや
34.7207016461959,137.048267050436,0.46722247135356926,民宿　市兵衛
34.7206829881864,137.047622889258,0.46733068637967745,ごはん屋　海
35.2844561379878,137.569372052836,0.46738323225314776,亀甲苑（きっこうえん）
34.7495114457255,136.938786506653,0.46758401028103863,【知多】潮干狩り（矢梨）
34.7495114457255,136.938743591309,0.4676000053170741,知多半島の潮干狩り （矢梨潮干狩り場）
34.75167288345,136.93280477576,0.4678506796076876,阿奈志神社のほるとのき
34.7473780992539,136.942766904831,0.46810181690874697,【知多】潮干狩り（久方）
34.7466970521332,136.942659374941,0.46877534621799916,知多半島の潮干狩り （乙方海岸）
34.8617825325636,137.454901475531,0.4693757688222371,旗頭山尾根古墳群
34.7165530298349,137.049958705902,0.4711018723639889,佐久島
34.7417094770895,136.947042346001,0.47186560306343167,【知多】潮干狩り（山田）
34.7417050689894,136.947020888329,0.47187727843357946,知多半島の潮干狩り （山田海岸）
34.7164075181255,137.044991254807,0.47193671525310193,「佐久島のお庭」
35.0481799686393,137.566187381744,0.47289384012034974,四谷（よつや）の千枚田
35.0502645387647,137.568526083091,0.4745462472072606,新城市四谷地区
34.7607294836799,136.896261386995,0.4750310195076198,いちご狩り・みかん狩り
34.7852544466056,137.375469533984,0.4768625165249451,瓜郷遺跡
34.9024108484727,137.498395027635,0.47692640159488586,永住寺
34.8394663871849,137.445103286996,0.4780831380489488,賀茂神社本殿
35.188755135711,137.591196298599,0.4781842488639276,面ノ木（めんのき）園地
35.1891453208864,137.591239213943,0.47823167998093136,【新城設楽】面ノ木ビジターセンター
34.9970755225206,137.555480003357,0.48007586137628266,山びこの丘
34.9969700561076,137.555480003357,0.48011680695567577,山びこの丘
34.7724502528562,136.864784359932,0.4801265751870443,【知多】法山寺
34.7800422328012,136.849780082703,0.48167843514577524,知多半島の潮干狩り （奥田南潮干狩り場）
34.7799452995611,136.84965133667,0.4818299789355902,【知多】潮干狩り（奥田南）
34.7721770519331,137.371024489403,0.48545789049172416,JAファーマーズマーケット吉田方店
34.9437451332027,137.536041905152,0.48617826696161054,八平神社
34.9422308444755,137.535694601509,0.4866248579198071,龍泉寺
34.7709668984052,136.853358246734,0.48738765534347944,史跡大御堂寺
34.7709299103552,136.852997861491,0.4876110552835099,大御堂寺客殿
34.9174245585044,137.522108258202,0.487939249129463,断上山古墳（第10号墳）
34.8928656643736,137.5055372715,0.488333805929322,桜淵公園
34.707152838958,137.002458238956,0.4889291616073124,日間賀島〔体験漁業〕（南知多町）
34.9169075475906,137.523189514281,0.489127585867166,断上山古墳（第9号墳）
34.7068164090962,137.002515792847,0.48924387402360026,日間賀島教育旅行
34.9410673094871,137.538182641725,0.4893625406916437,瀧川家住宅
34.814760708372,137.43516056865,0.489555266514807,権現山古墳
34.727079245345,136.932568321917,0.4907244419124124,国営農地開発事業南知多地区
34.8593922993205,137.482164502144,0.4911622862658574,吉祥山（きちじょうさん）
34.8590665646109,137.482277154922,0.4914618649226668,【東三河】吉祥山
34.7920280312657,137.411305904388,0.4920802615929594,豊橋市上水道施設下条取水場旧ポンプ室
34.9186677260448,137.528234124184,0.49241671327510467,新城市設楽原歴史資料館
34.7692250725124,136.84671948783,0.49242116506145867,野間郵便局旧局舎
34.8164053711274,137.44147309985,0.4925048887818403,馬越長火塚古墳群
34.80764154109,137.4317497015,0.49272533001116114,フルーツショップゆめ彩館
35.1994560523108,137.605540752411,0.4927601087985026,道の駅「つぐ高原グリーンパーク」
35.1996664617751,137.605535387993,0.49276164292825475,道の駅つぐ高原グリーンパーク
34.7719501686644,137.384656858389,0.4930270670576573,湊築島弁天社
34.7034345655497,136.999496389494,0.49322521481426457,干ダコ
34.765725722153,137.376362085342,0.49376058346609125,【東三河】	羽田まつり
34.7655550169544,137.376370331487,0.49390939275559875,羽田八幡宮
34.7886402574034,137.413415652776,0.4960537047721941,豊橋市上水道施設大江川水道橋
34.7482376153073,136.874756813049,0.49614181624381404,【知多】持宝院
34.7530239221273,137.360118475849,0.49626696853960167,グリーンセンター牟呂
34.9412208382075,137.546870112419,0.4968536742518338,鮎滝
35.0874105814041,137.600764720377,0.49708134172336604,岩古谷山（いわこやさん・いわごやさん）
34.7702822464482,137.389993071556,0.4973714004121583,【東三河】豊橋祇園祭
35.0868482727173,137.601715862466,0.49812331168543195,北設山岳公園岩古谷山
34.7706186048402,137.393076523253,0.498816541852206,吉田城
34.7633887675432,137.383028516676,0.4993119836304182,路面電車
34.7681140343097,137.392206635689,0.5004053517679798,豊橋市公会堂
34.7680524893928,137.392197847366,0.5004515282677162,豊橋市公会堂
34.7274959262997,136.905728711352,0.5008377050623997,【知多】天龍寺
34.7679843289649,137.394085320998,0.5015632766850061,豊橋ハリストス正教会聖使徒聖使徒福音者馬太聖堂
34.7679863889559,137.394676208496,0.5018929051138973,【東三河】鬼祭
34.7681540400299,137.394926985505,0.5018949500163483,安久美神戸神明社
34.9360533092708,137.55064009679,0.5026714659264379,瀧神社本殿
34.7551619029541,136.849822998047,0.5026753497688711,【知多】良参寺
34.8022545646061,137.441148161888,0.5029262988840226,産直プラザ石巻
34.756334258285,136.847097873688,0.5031121082130344,食と健康の館
34.7562112189941,136.847166001525,0.5031805556281858,食と健康の館（美浜町）
34.7577622174818,136.844496130943,0.5032839533465782,野間崎灯台（美浜町）
34.7396111948248,136.873522996902,0.5043100605141487,【知多】如意輪寺
34.9689374041482,137.570340663568,0.5050956317535169,【新城設楽】観来館
34.6969839139014,136.971970029361,0.5064718651637186,羽豆神社の社叢
34.7065353850215,136.938171818899,0.5079281857982553,豊浜魚ひろば（南知多町）
34.7065694509131,136.93789601326,0.5079912292537107,豊浜魚ひろば
34.7345399017217,136.873890924956,0.5086054748291136,旧内田家住宅
34.9707423786913,137.575124339461,0.5086734057857785,ネズの樹
34.7346655797992,136.873473052349,0.5086912245227715,旧内田佐平二家住宅
34.9706522701008,137.575112941056,0.5087007320156722,ネズの樹
35.1695222105935,137.621680976808,0.5088286963819826,金龍寺のシダレザクラ
35.1760239642682,137.622490358902,0.5095020297357522,津具八幡宮の杉
34.7339905333702,136.872128248215,0.5099207997843304,【知多】泉蔵院
35.1719108060796,137.623180991408,0.5102687278725496,鞍船遺跡
34.8734955124806,137.518932863505,0.510681728141905,望月家住宅（愛知県新城市黒田） 
34.7101017647791,136.92090690136,0.5108215204857691,【知多】影向寺
34.7203032245349,136.897073873442,0.5109913029119929,【知多】西方寺
34.9829391572179,137.583114907572,0.5110362739865768,鳳来寺山
34.6885571561537,137.240846157074,0.5110924011823677,潮干狩り場（田原）
34.9723706981741,137.578665018082,0.5112175697150161,鳳来寺山自然科学博物館
34.9723179490703,137.578788399696,0.5113517231364753,鳳来寺山自然科学博物館
34.6858487982949,137.232761979103,0.5117638479384584,白谷海浜（しろやかいひん）公園
34.7332159056281,136.86936760124,0.511911972259275,内海海水浴場（南知多町）
34.9248961833028,137.555042184116,0.5120495894418738,【新城設楽】こんたく長篠
34.9250131287147,137.55511935262,0.5120571786002909,こんたく長篠
34.9254105599869,137.555394172668,0.5120941118427194,愛知東農業協同組合 産地直売施設　こんたく長篠
34.925067493751,137.555726766586,0.5125542686888153,こんたく長篠
34.7047613417576,136.929656267166,0.5125787104690513,【知多】豊浜鯛まつり
34.7048059976294,136.929530842871,0.512581900808265,豊浜鯛まつり（南知多町）
34.7490594495702,137.385470471182,0.5127178933899176,産直プラザ福岡
34.6789584070697,137.211953401566,0.5140594463131716,仁崎（にさき）海水浴場
34.6812170940465,137.003142424268,0.5140795845098474,コウナゴの天日干し
34.6784069745422,137.212296724319,0.514666686206012,仁崎（にさき）キャンプ場
34.9787267165086,137.586153745651,0.5154909947296651,鳳来寺山
34.9788537710646,137.586237591384,0.5155175197729753,鳳来寺山
34.9791055721304,137.586414116232,0.5155797254468241,鳳来寺仁王門
35.1682918681151,137.629033899066,0.5162134902696992,大根平遺跡
34.9234849131864,137.559391704511,0.5165175141437858,長篠城跡
34.9233169539595,137.559476494789,0.5166753182002056,長篠城址（長篠城址史跡保存館）
34.9781908586979,137.587636118764,0.5170642817001009,東照宮
34.7209174971286,137.344757827172,0.5172945206449379,お葉付イチョウ
35.1487579053,137.631326946531,0.5194423063236051,ホソバシャクナゲ自生地
34.7315614076404,137.370745539665,0.5201733407745706,グリーンセンター磯辺
34.6849357000229,137.262116074562,0.5202902368397426,蔵王山（ざおうさん）展望台
34.6848254217722,137.262046337128,0.5203759196075483,蔵王山（ざおうさん）展望台
34.7401333126482,137.386134958242,0.5206495850683172,愛知大学旧本館（旧陸軍第15師団司令部庁舎）
34.6639404850451,137.1828353405,0.5241392820377091,江比間（えひま）野外活動センター
34.7897953861428,137.459819490267,0.5245844958273815,石巻山石灰岩地植物群落
34.7653258398176,137.430982604133,0.5252451769556218,豊橋市上水道施設小鷹野浄水場
34.8668993689649,137.53325494265,0.5260792463336711,宇利城跡
34.6756177457686,137.251402433328,0.526306797344449,衣笠（きぬがさ）の森
34.7649242281929,137.432893663645,0.5267232036411712,豊橋市上水道施設多米浄水場旧配水池
34.9314662379365,137.57749097603,0.5283840573155142,旧黄柳橋
34.6815435902694,137.281027163512,0.52923638403847,吉胡貝塚
34.6698262113535,137.244107723236,0.530046052484618,滝頭（たきがしら）公園
34.6540079253915,137.14855670929,0.5305941835835174,潮干狩り場（伊川津・泉）
34.6736645032321,137.269116640091,0.5331060296551248,田原城跡・田原市博物館
34.7123247954714,137.363178770221,0.5333777240843856,植田アグリセンター
34.6506382728534,137.15400102356,0.5343460557073599,どろんこ村ファーマーズキッチン
34.7975839275158,137.48510286307,0.5359970299252733,嵩山蛇穴
34.8512472041395,137.534027547469,0.5362485429816075,中宇利丸山の蛇紋岩植生
34.6473487815611,137.090899944305,0.5365205073344348,潮干狩り場（小中山）
34.6675186074392,137.267783199837,0.5386010292605549,城宝寺古墳
34.6454447249771,137.148078458251,0.5391071921210038,伊川津貝塚
34.7622457074843,137.450072040826,0.5394168427507287,豊橋市民俗資料館収蔵室本棟（旧多米小学校本校舎）
34.7625307170916,137.450527846813,0.5394793665669089,豊橋市民俗資料館収蔵室西棟（旧多米小学校西校舎）
34.7625571590203,137.450830936432,0.5396484028065648,【東三河】多米民俗資料収蔵室
35.0053498178115,137.622964382172,0.5401177184420857,愛知県民の森
35.0054113336019,137.623039484024,0.5401683479701203,【新城設楽】愛知県民の森
35.0053410298377,137.623060941696,0.5402117774868104,愛知県民の森
34.6821301756623,137.319794297218,0.5422455363389252,ジョイフル杉山
34.9702870827441,137.613512277603,0.5439603978815225,【新城設楽】湯谷温泉
34.9702519157841,137.613533735275,0.5439939190321357,湯谷温泉
35.2275759505958,137.655515670776,0.5442685264155952,【新城設楽】茶臼山高原
35.2276548268825,137.655558586121,0.5443177057134603,茶臼山高原
35.2276460628545,137.65580534935,0.5445629408739917,茶臼山高原
34.9741771980482,137.615904257179,0.5446557043760639,鳳来ゆーゆーありいな
34.9741771982002,137.615904257777,0.5446557048697785,鳳来ゆ～ゆ～ありいな
34.9673340162673,137.613742414433,0.5453354808177117,馬背岩
34.9674341140517,137.613818049431,0.5453652770839073,馬背岩（うまのせいわ）
34.6615917877409,137.272282111615,0.5455767477133152,【東三河】「道の駅」田原めっくんはうす
34.6615917310162,137.272347575635,0.5455959128695784,道の駅「田原めっくんはうす」
34.9500609541786,137.606426882447,0.5457852552337975,旧料亭菊水
35.2160065982612,137.658240795135,0.5461723446444405,茶臼山の芝桜
34.9498706705477,137.606848484766,0.5462477360476379,旧大野銀行（大野宿鳳来館）
34.7229540544052,137.408090756392,0.5468779859372841,高師小僧
34.6433901105669,137.200682759285,0.5470875407938877,サンテパルクたはら
34.6431826833529,137.200709581375,0.5472965859700106,サンテパルクたはら
34.7218425323154,137.409430508604,0.548536931698023,高師小僧
34.6332586992645,137.123016943849,0.5502439239749151,スイーツ＆ジェラテリア　Baroque(バロック)
34.6325784995008,137.140304717042,0.5515079571490371,デイリーパラダイス
34.6350879435984,137.182232776836,0.5526724776897255,光岩
34.7451389077403,137.451345920563,0.5536543046317255,葦毛湿原（いもうしつげん）と豊橋自然歩道
34.7451389077403,137.45151758194,0.553759212991444,葦毛湿原
34.7442808960806,137.451183527756,0.5542346637512111,葦毛湿原
34.6346785327548,137.195363413246,0.5548742822581338,大アラコ古窯跡
34.6434430706235,137.242890000343,0.555362214993334,【東三河】黒河湿地植物群落
34.6434210039373,137.242852449417,0.5553748919110103,黒河湿地（くろがわしっち）植物群落
34.6432677524748,137.242762875671,0.5555029754387771,黒河湿地植物群落
34.6282092729262,137.062195079066,0.5575264024514109,キャベツ畑
34.6256333452442,137.101253271103,0.5579034168957623,愛知みなみ農協　ふれあい広場 渥美店
34.625606859534,137.10112452507,0.5579326318451084,愛知みなみ農協ふれあい広場渥美店
35.0981401499034,137.665754544766,0.5592518128820789,振草農産物生産直売組合
34.69941667302,137.393417276385,0.5593407028097201,NDふぁ～む
34.622375539459,137.108924388885,0.5610517697759975,【東三河】渥美郷土資料館
34.8625092048873,137.576085585302,0.5633721565451573,黄柳野ツゲ自生地
34.6712997835222,137.348670959473,0.5637199488920477,【東三河】水の展示館
34.6198856671258,137.143754783284,0.5643628570811801,椛のシデコブシ自生地
35.2146348194783,137.676721215248,0.5645433751320792,グリーンステージ花の木
34.6198195291261,137.1494525671,0.5647675940964084,シデコブシ自生地 (椛、伊川津、藤七原、黒河）
34.6197140879271,137.149189843452,0.5648559421395504,伊川津のシデコブシ
35.2148448682322,137.677649600358,0.5654819784358509,川宇連ハナノキ自生地
35.0496819111263,137.66258597374,0.5655815406685195,明神山（みょうじんさん・みょうじんやま）
34.865968343084,137.581658363342,0.5660141270400048,黄柳野（つげの）つげ自生地
34.626321331346,137.221720503625,0.5675925253415031,電照菊
34.6724424456919,137.360279560089,0.567641216248394,万場調整池と万場緑地
34.6252095728666,137.221019268036,0.5685501604490197,赤羽根文化の森
34.7245997515119,137.450077219916,0.5692992796047798,西駒屋田村家住宅
34.6451668863122,137.299096260078,0.5694947257094712,百々陶器窯跡
34.7234094276546,137.449902892113,0.5701560124849946,二川宿本陣（ふたがわしゅくほんじん）資料館
35.1790883647786,137.683244723947,0.5702192174840786,豊根グリーンポート宮嶋
34.7255918915809,137.458325028419,0.5734281764717983,産直プラザ二川
34.6145969005868,137.040356397629,0.573440517491968,【東三河】西ノ浜海浜の森
34.7255918915809,137.458448410034,0.573502477740791,産直プラザ二川
35.0211578683738,137.66311658436,0.5735055592626954,乳岩及び乳岩峡
34.6141465824842,137.040377855301,0.5738844889676518,西ノ浜海浜の森
34.9031650148477,137.61431352735,0.5742923725524158,満光寺庭園
34.9029674883098,137.614225745201,0.5743121825326745,満光寺（まんこうじ）庭園
35.019136986005,137.663969993591,0.5748983477458401,乳岩峡
35.0190403345347,137.663991451263,0.574946535073854,乳岩峡（ちいわきょう）
34.615629974062,137.208176851273,0.5756972425197306,【東三河】メロン狩り
34.6155082774551,137.208344257864,0.5758449484508152,愛知みなみ農協ふれあい広場赤羽根店
34.6155082774551,137.208344257864,0.5758449484508152,愛知みなみ農協ふれあい広場赤羽根店
34.6153827439733,137.208219766617,0.5759481653827436,【東三河】いちご狩り
35.0837013297778,137.680295826737,0.575950757477575,東栄町交流促進センター　千代姫荘
34.9993132528743,137.659237938575,0.5763874867550365,鳳来町のムカデランの自生地
34.6144026460186,137.218084931374,0.5786241534557209,【東三河】太平洋ロングビーチ
34.6142437101247,137.2181224823,0.5787872654468457,太平洋ロングビーチ
34.6090869582499,137.040796279907,0.5788513737859986,休暇村伊良湖キャンプ場
34.6091399402059,137.191048264503,0.5795460475855168,「道の駅」あかばねロコステーション
34.6040358565314,137.093667984009,0.5797001776710747,【東三河】たはら凧まつり
34.6033545205025,137.101793426696,0.5801667343925329,皿山古窯群
34.9502668087405,137.645127170124,0.5809229795321058,阿寺の七滝
34.9502702461607,137.645607590675,0.5813616649936132,阿寺の七滝（あてらのななたき）
34.9502570553309,137.645602226257,0.5813620408907246,阿寺の七滝
35.0803235833,137.688115339097,0.5842402958098376,設楽城跡
34.5990197731633,137.090191841125,0.5848389810321125,渥美の森
35.1435610631714,137.69821977791,0.5865332572853519,湯～らんどパルとよね
35.1435700290883,137.698230810366,0.5865436551513337,兎鹿嶋温泉（湯～らんどパルとよね）
35.1433712791715,137.698227167129,0.5865535544224619,【新城設楽】湯～らんどパルとよね
34.6839801076182,137.422077926352,0.5873122512635711,あぐりパーク食彩村
35.1442818499011,137.700353528,0.588613738102374,熊谷家住宅（愛知県北設楽郡豊根村） 
34.5952133528149,137.060590982437,0.5905327955186574,初立池公園
34.5951397039218,137.060546688956,0.5906100886580138,初立池（はったちいけ）公園
34.5954064314889,137.056338169723,0.5907335243827457,【東三河】伊良湖東大寺窯跡
34.5951719148207,137.0562076559,0.5909794957612643,伊良湖東大寺瓦窯跡
34.663066864568,137.399976782402,0.5942145192141337,小野田家住宅
34.5885247322484,137.074454031521,0.5961376710808188,ハマボウの野生地
34.6831933044228,137.439853569517,0.5975155318692154,東観音寺多宝塔
35.0709399981205,137.700040340424,0.5976764720614554,龍洞院のシダレザクラ
34.5886422307006,137.02940762043,0.6006213525172117,【東三河】句碑・歌碑
34.5889747073647,137.0263139257,0.600730949907465,伊良湖海水浴場
34.5848305515049,137.055360190435,0.6013544458415946,ハマボウ、ハマカンゾウ
35.1205476191642,137.712343985776,0.6025901970154297,茶禅一
34.5863280300223,137.029686732461,0.6028744396583885,宮山原始林
35.0748516375525,137.706688556406,0.603491299341521,とうえい温泉
35.0748516376287,137.706688556705,0.6034912996219327,とうえい温泉
34.5855117674924,137.025404087367,0.604289097531863,キャベツ畑・菜の花畑
35.0743502174496,137.708526849747,0.6053898259906434,蔦の渕（つたのふち）
35.0739287497179,137.708483934402,0.6054236881874238,振草（ふりくさ）渓谷
34.5841375322434,137.019950151443,0.6064620359628301,【東三河】「道の駅」伊良湖クリスタルポルト
34.5839785384246,137.020164728165,0.6065862541121049,道の駅「伊良湖クリスタルポルト」
34.5824857482912,137.018437385559,0.6083277196675743,（日本の道百選） 渥美サイクリングロード
35.1395592684813,137.720918655396,0.6094565032498425,大入の郷（おおにゅうのさと）
35.182297079738,137.722560167313,0.6095192873744145,三沢高原農産物加工体験館
35.1183421023989,137.719169855118,0.6096107082206851,  東栄町森林体験交流センター 「スターフォレスト御園」
34.5809061140886,137.018795506258,0.6098327363250131,渡り鳥
34.5793940858241,137.016248703003,0.6117244520513436,伊良湖岬灯台・恋路が浜・日出の石門
34.5793322514018,137.016441822052,0.6117549831084036,伊良湖岬灯台 恋路ヶ浜 日出の石門（ひいのせきもん）
35.0310746056691,137.707255281006,0.6134299347220579,須佐男神社のアヤスギ
35.0468410352361,137.721236390272,0.6233395712147327,愛知東農業　東栄直売所
35.0467596565165,137.72129064765,0.6234103437209554,愛知東農業協同組合 産地直売施設　東栄直売所
35.0671848611277,137.742918620638,0.6405103258363546,煮え渕のポットホール
35.0804765661476,137.749547790982,0.6447755376651445,預り渕のポットホール
35.1722823515473,137.782287597656,0.6693382383799844,バンガロー村「古里とみやま」 湯の島温泉
35.1806748125955,137.799502015114,0.6864655730130331,とみやま来富館（らいふかん）
